onomatopoeia,onomatopoeia_english
チーン,ding
カラカラ,rattling
ポン,pop
チキチキ,chirp chirp
ピーン,beep
チリチリ,sizzling
ビーン,buzzing
チリチリン,tinkling
ジェンジェン,none (no direct English equivalent; possibly a soft humming or buzzing)
ジェーーーン,none (elongated humming sound)
リーン,ringing
ザー,heavy rain
ウーン,groan
ファー,whoosh
ブーン,drone
ガー,snore
ビービビ,beep beep beep
ビビービビー,beep beep beep beep
ビビビビビ,beep beep beep beep beep
キューンカタカタカタカタザーカタザーカタザーキューン,squeak clatter clatter clatter clatter splash clatter splash clatter splash squeak
キューンザーーーーキューン,Squeeeeeeak
ガタガタ,Rattle
ガサガサ,Rustle
フィーン,Whine
ジリジリ,Sizzle
フィーー,Whee
フィーーンン,Wheeeeen
リンリン,Ring ring
ピポピポビービ,Beep beep beep
サー,Whoosh
ウィーン,Whirr
カチ,Click
ビーーー,Beeeeeeep
ウィーーー,Wheeeeee
サーカチッサー,Whoosh click whoosh
ウィーーパチン,Whee snap
シーシー,Hiss hiss
ジージー,Buzz buzz
ジジジジ,Zzzzzz
ウィンウィン,Whinny whinny
ウァーンウァーーン,Wail
チッチッチ,Beep beep
チチッチチッチ,Beep beep beep
チチチチチチ,Rapid beeping
ドドドドドドド,Thundering rumble
ウィーンウィーン,Whirring
チンチンチン,Ding ding ding
ピーポーピーポー,Siren wail
ウィーーーー,Whiiiiir
ゴーーーー,Roar
ウィンウィンウィン,Whir whir whir
ウィウィウィウィ,Chirp chirp chirp
ピピーピピー,Beep beep
カンカンカンカン,Clang clang clang clang
ウィーンカンカン,Whir clang clang
ウィーンカン,Whir clang
ビーーーー,Buzzzzz
ピピーーーー,Beeeep
ピポピポピポ,Beep boop beep boop
カンカンカン,Clang clang clang
ウィーンカンカンカン,Whirr clang clang
ブワーン,Vroom
フワーン,Floating softly
ブイン,Vroom
ブイーン,Vroom
ピポピ…ピポポ…,Beep beep… beep beep beep…
ピピピ…ポポポ…,Beep beep beep… beep beep beep…
ウィーーーン,Wooooooosh
ピピピピピピピピ,Beep beep beep beep beep beep beep beep
ピンポンパンポン,Ding dong ding dong
ピポパポ,Beep bop
ピポパポピ,Beep bop beep
ファーシャラララ,Whoosh shalala
トゥイーン,Twang
わー,Wow
だ―――,Daah---
たらららら,Tarararara (trilling sound)
ぷしゅーん,Pssshhh
シャンシャン,Clink clink
シャンシャンシャン,Clink clink clink
リンリンリンリン,Ring ring ring ring
リンリンリン,Ring ring ring
さっさっさっ,Step step step
ブー,Buzz
ざー,Ssshhh (rain or static)
ずぃー,Whizz
さぁー,Sigh
ずぁー,Whoosh
しゃりりん,Clink-clank
しゃーん,Ding
カッカッ,Tap tap
かぁーんかんかん,Clang clang clang
かーんかかかかか,Clang clang clang clang
カァーン,Bong
しゃらしゃら,Rustle
ッカカッカッ,Clack clack clack
タカーン,Clang
シャラリン,Tinkle
シャーン,Ding
しゃりしゃりん,Crunch crunch
ふぅおーん,Whoosh
ゔおーん,Vroom
ばぁおーん,Bawooon
ぽにょんぽにょん,Squishy squishy
ぴよんぴよん,Boing boing
ビョンビヨン,Boing boing
びろびろ,Floppy
がさがさ,Rustle rustle
からから,Rattle rattle
がらがら,Clatter clatter
ザザザどん,Crash rumble
かさかさ,Rustle
かしゃかしゃ,Crinkle crinkle
バサバサ,Flap flap
はらりどすん,Flutter thud
がさっがさ,Rustle rustle
ざくっぱたぱた,Chop flap flap
ざりっばさん,Crunch snap
めきめきドン,Crack boom
がしゃりんがしゃりん,Clang clang
ぱーん,pop
ばーん,bang
でぇーん,thud
わーぱちぱち,crackle clap
ぴゅーわーぱちぱち,whoosh crackle clap
うわぁーぱちぱちぴゅー,wow crackle clap whoosh
うわぁーおーぱちぱちふゅーふゅー,wow oh crackle clap whoosh whoosh
ぱちぱち,crackle
ばちばち,zap crackle
ばさぱち,flap crackle
ぱりぱちぱりぱち,crackle snap crackle snap
ばりばり,crunch
うわぁーぱちぱち,wow crackle
ワー,wow
パチパチ,clap clap
ぱんぱん,pat pat
ぱちパチ,clap clap
バチぱち,zap crackle
ざざざざ,rustle rustle rustle rustle
ゔぁゔぁ,groan groan
ぐわっしゃん,Crash
ざーシャンざーシャン,Splash splash
プーップーッ,Tooot
プーップーッパーン,Tooot bang
チッチッ,Tsk tsk
チッチッリリリリ,Tsk tsk ring ring
ピッピッ,Beep beep
ビョンビヨンピー,Boing boing beep
ピジョンピジョンピー,Pigeon cooing
カチカチ,Click clack
ティッティッ,Tickt tickt
ジッジッ,Snap snap
ピッピッピピピピ,Beep beep beep beep
ピョンピョンポーン,Hop hop bong
ピンピンポーン,Ding dong
ピィンピィンポーン,Ping ping dong
カッティンカッティン,Clack clack
パッコンパッコンチーン,Clack clack ding
チッチッピッ,Tsk tsk beep
チチチチ,Tsk tsk tsk tsk
ちちちピッ,Chirp-chirp beep
ずぁばあん,Splash crash
すばぁん,Bang
ばぁぁん,Boom
シュヴァン,Whoosh
ヴァンッ,Wham
ドバーン,Boom crash
きーん,Ringing
ごとんごとん,Clatter clatter
ごろんごろん,Roll over
グワングアン,Roar roar
ゴワンゴワン,Thud thud
ブォーンブォーン,Vroom vroom
ざぁざぁ,Pouring rain
ブオンざーブオンざー,Vroom splash vroom splash
グワらら,Roar roar
ザバッ,Splash
ガラガラ,Rattle
グイーン,Whirr
がたんごとんざばざば,Clatter clatter splash splash
ゔわーぱちっ,Vwah-pat (explosive zap)
ばたんばたん,Bang bang (door slamming)
ばしゃんばしゃん,Splash splash
ぐわんぐわん,Roar roar (heavy rumbling)
ぱしゃぱしゃ,Splash splash (light splashing)
ざーざー,Pouring rain
じゃらんじゃらん,Jingle jangle
じゃぱーんじゃぱーん,Splash splash (waves)
じゃばじゃば,Wash wash (water flowing)
ずばーん,Whoosh bang
きゅいーん,Squeeeeel
ざばざば,Gush gush (water flow)
きゅぃーん,Squeeeeel
グワタグワタ,Squish squish
ピロピロ,Whistle whistle
ぼーんぼーん,Boom boom
でぃーん,Ding
じーんじーん,Buzz buzz
でいんでいん,Ding ding
じーん,Buzz
ぼーん,Boom
ジーン,Tingling
ボーンボーン,Bong bong
コーンコーン,Honk honk
ぐぉーん,Roar
たったっ,Tap tap
てぃってぃっ,Tip tap
ぎりぎり,Grinding
ちーん,Ding
チャーン,Clang
しーんしーん,Silence
ちーんちーん,Ding ding
ぐわーん,Wham
ぎぃーん,Squeal
ゴーン,Gong
ころころ,Roll roll
たーん,Turn
きぃぁーん,Scream
ころころチーン,Roll roll ding
からからティーン,Rattle ring
ころころちぃーん,Rolling ding
ころころディーン,Rolling dean
キィん,High-pitched squeak
ぎぃぃぃーん,Screeching grind
ジィーん,Buzzing hum
ジィーン,Emotional buzz
ティーン,Ding
ジーンジーン,Ringing buzz
がっがっ,Chomp chomp
がりがり・チーン,Scrape ding
がりがり・チーンチーン,Scrape ding ding
ティーンティーン,Ding ding
チーンチーン,Ding ding
グワーン,Roaring boom
ごーん,Gong
カラカラぼーんぼーん,Clatter boom boom
ギャーンギャーン,Wailing cry
キャーンキャーン,Yelping cry
ぎゅるぎゅる,Gurgling rumble
カタンカタン,Clack clack
シャラリーン,Jingle
きらりらりん,Sparkle
らーらそ,Musical notes (la-la-so)
らーらそみ,Musical notes (la-la-so-mi)
レレレシラーソラーシ,Musical notes (re-re-re-shi-la-so-la-shi)
ラーラーソラーラソミ,Musical notes (la-la-so-la-la-so-mi)
ピッポーピッポー,"Siren sound (""wee-woo"")"
ポポッポポッ,Pigeon cooing
ポポーンポポーン,"Deep horn sound (""toot-toot"")"
チチッチチッ,Beeping sound
ピョピョ,Chirping
ぎゃりぎゃり,Scraping/grating
ぎょりぎょり,Scraping/grinding
しゃりしゃり,Crunchy (snow or apple)
ざりざり,Rough scraping
ざらっざらっ,Rough scraping (repeated)
ざっざっ,Quick scraping steps
がりっがりっ,Crunching/grinding
きしっきしっ,Creaking
きしきし,Creaking (continuous)
がざっがざっ,Rustling
ぐりゅぐりゅ,Gurgling
ぐぐぐ,Straining sound
くぁらくぁら,Croaking
ぴーんーぽーん,Ding-dong
ぴきょ,Chirp
ピキョピキョ,Chirping
ききょっききょっ,Bird call
ひっきょっひっきょっ,Bird call
ひっぴょっひっぴょっ,Bird call
ぴっぴょっぴっぴょっ,Bird call
ぴっぽっぴっぽっ,Bird call
ぴっぷぉっぴっぷぉっ,Bird call
ぴっぼぴっぼ,Bird call
ぴっぽぴっぽ,Bird call
かしゃーんー,Crash
きぃぃぃーん,High-pitched ringing
ぼょーんぼょーん,Boing-boing
びょーんびょーん,Boing-boing
でりんでりん,Jingle-jangle
でりりりん,ringing
ざからんざからん,clinking
ぱらんぱらん,tinkling
パラリラパラリラ,rattling
ちろりろりん,soft chime
ちろちろ,flickering light
ちろちろちろりん,gentle chime
てろてろりん,fluttering sound
ちろちろりん,faint chime
じりんじりん,sizzling
ぎろぎろん,glaring
でぃろんでぃろん,sliding sound
てぃろてぃろん,twirling sound
ちろちろちろん,soft flicker
がたがた,rattling
たらてぃらたらてぃら,rhythmic tapping
てぃららてぃらら,trilling
ちろりんちろりん,light chime
じりじりん,sizzling
がりゃがりゃ,clattering
ざりゃざりゃ,Scraping
ぴよぴよ,Chirp chirp
ぴーよぴーよ,Peep peep
ぽよぽよ,Soft plop
かちゃかちゃかかちゃ,Clatter clatter clack
しゅいーん,Whoosh
ピン,Ping
リン,Ring
かちゃかちゃ,Clatter clatter
ジャリジャリ,Crunchy gravel
シュンシュン,Whizzing
ミョーン,Sproing
カーン,Clang
ビュオーン,Vroom
ドンドン,Knock knock
ドンドンドンドン,Drum roll
ドン,Thud
カンカン,Clang clang
ピコピコピコ,Beep beep beep
トコトコトコトコ,Pitter patter
キリキリキリ,Squeaking
ドーン,Boom
シュドーン,Whoosh-boom
ボワボワ,Fluffy rustle
ボーーーー,Booooooom
シュボーー,Sputter
シュパカ,Snap
ウィーウィ,Whirring
ブウィー,Vroom
ブウィーン,Vroooom
ブウィーーーン,Vrooooom
シーーーンン,Silence
ウィンーー,Whirrr
ジンーー,Buzz
ウィーーーーン,Whirrrrr
ジンジンン,Tingling
ジーーーーンン,Emotional hum
シーーーーーン,Dead silence
シーーーシシ,Shhh-shsh
シュウウィーー,Whoosh-whirr
シュイイイイー,Whoooosh
シンシンシンシン,Drip drip drip
シーーン,Silence
シュウーーシュ,Hiss hiss
ピピピピピピ,Beep beep beep
ピピピポピピピポ,Beep-boop beep-boop
チチトチチト,Tick-tock tick-tock
ピピポピピポ,Beep-boop beep-boop
ピピピポ,Beep beep boop
ピピピピポ,Beep beep beep boop
キーーーーー,Screech
ギーーーーー,Squeal
キンコンカンコン,Ding-dong ding-dong
キーンコーンカーンコーン,Bell tolling
ギーンコーンカーンコーン,Metallic ringing
ギーンゴーンガーンゴーン,Loud clanging
どどんどどんどどんどどん,Boom boom boom
どくっどくっどくっどくっどくっどくっどくっどくっ,Throb throb throb
どっくっどっくっどっくっどっくっどっくっどっくっどっくっどっくっ,Thump thump thump
どっどんどっどんどっどんどっどんどっどんどっどんどっどんどっどん,Drum roll
どっくんどっくんどっくんどっくんどっくんどっくんどっくんどっくん,Thump thump thump
どっくどっくどっくどっくどっくどっくどっくどっく,Throb throb
とっくとっくとっくとっくとっくとっくとっくとっく,Tick tick
とくっとくっとくっとくっとくっとくっとくっとくっ,Click click
とっくんとっくんとっくんとっくんとっくんとっくんとっくんとっくん,Thump thump
どっとんどっとんどっとんどっとんどっとんどっとんどっとんどっとん,Thud thud
どくんどくん...,Thump thump...
どくどく...,Drip drip...
ととんととんととんととんととんととんととんととん,Tap tap tap
どとんどとんどとんどとんどとんどとんどとんどとん,Thud thud
どくどくどくどくどくどくどくどくどくどくどくどくどくどくどくどく,Drip drip drip
どっとどっとどっとどっとどっとどっとどっとどっと,Plop plop
どとどとどとどとどとどとどとどと,Drip drip drip
かーんかーんかーんかーんかーんかーんかーんかーんかーんかーん,Ding ding ding
きーんきーんきーんきーんきーん...,Ring ring ring
うーんうーん,Hmm hmm
うぃーんうぃーん...,Whir whir...
ぷいぷい...,Pout pout...
うーんうーん...,Hmm hmm...
ぶーんぶーん...,Buzz buzz...
うぃーんうぃーんうぃーんうぃーんうぃーんうぃーんうぃーんうぃーん,whirring
ぶーんぶーんぶーんぶーんぶーんぶーんぶーんぶーん,buzzing
ぷーんぷーん...,faint buzzing
ぶおーんぶおーんぶおーんぶおーん,roaring engine
ぷおーんぷおーん...,low roar
ぶいーんぶいーんぶいーんぶいーん,motor running
ぐいーんぐいーんぐいーんぐいーん,grinding
ぷいぷいぷいぷいぷい,squeaking
ぶーぶー...,honking
しゅしゅ...,hissing
しゅっしゅっ...,puffing
きゅいーんきゅいーん...,high-pitched whine
きーんきーん...,ringing
きいーきいー...,squealing
ぴーん,ping
うぃーん...,whirring (soft)
ぴーん...,ping (soft)
ぎーん...,screech
ちんか,clink
かっかっ...,tapping
ちんかかかちんかかかちんかかかちんかかかちん,Clinking sound
ぎーぎーぎーぎーぎー,Squeak squeak
かうぃーん...,Whirr...
からから...,Rattle...
かちかちかちかちかちかちかちかちかちかちかちかちかちかちかちかちかちかち,Click click click
かかかっかかっか...,Tapping sound...
ちっちっちっちっちっちっちっちっちっちっちっちっちっちっちっちっちっちっ,Tick tick tick
ちんかかか...,Clink clink...
とるるるるる,Ring ring ring
かちかち...,Click click...
ちんかちんかちんかちんか,Ding ding ding
びーん...,Buzz...
ちーんちーん...,Ding ding...
かーん,Clang
こーん,Bong
さささ...,Rustle rustle...
さー...,Hiss...
ざーざー...,Pouring rain
ぽんぽん...,Pop pop...
ずどーん,Boom!
ずきゅーん,Thud-thud (heart pounding)
ずーんずーん...,Boom boom... (heavy footsteps)
しゅーん,Whoosh (deflation or fading sound)
ずしーん,Thud (heavy impact)
ずぱーん,Slash! (sharp cutting sound)
ずーん,Boom (deep thud)
ひゅーん,Zoom (fast movement)
ひゅーんしゃー,Zoom-sha (fast whooshing with mechanical tone)
ずひゅーん,Zoom-thud (fast impact)
ぴゅーん,Zoom (swift flying sound)
じじじじ...,Buzz buzz... (electric buzzing)
じじじふーん...,Buzz-fwoosh... (electric buzzing fading)
きらーんきらーん...,Sparkle sparkle... (twinkling light)
ごー,Roar (wind or engine sound)
ぴゅぴゅ...,Pew pew... (light shooting sound)
ぴぴぴ...,Beep beep... (short beeping)
ぷぷぷ...,Pfft pfft... (suppressed laughter or blowing)
きゅきゅ...,Squeak squeak... (small squeaking)
びびび...,Bzzz bzzz... (vibrating or electric buzzing)
きゅきゅるる...,Squeal (high-pitched squealing)
ちょぴちょぴ...,drip drip
ぽぽぽ...,pop pop pop
ぽおぽおぽおぽお...,whoosh whoosh whoosh
ちょちょぴー...,drip drip drip
かーんかーん...,clang clang
ぴこーんこーん...,beep beep
たったったった,tap tap tap tap
たたたったたった...,tap tap tap tap
ぱぱぱっぱぱぱ...,pat pat pat pat
たたったたたった...,tap tap tap tap
たたたったたったたった...,tap tap tap tap tap
たったたた...,tap tap tap
たったたたった...,tap tap tap tap
かたかた...,clatter clatter
かちゃかちゃかちゃ...,click click click
たったたった...,tap tap tap tap
かたかたかたかた...,clatter clatter clatter
かちかちかちかち...,click click click click
ぎーぎーぎーぎー,creak creak creak creak
どかーん,boom!
ぼかーん,Boom
どーん,Bang
ばばーん,Ta-da!
どきゅーん,Thump
どがーん,Crash
どすーん,Thud
とんとん...,Tap tap...
たんたん...,Drumbeat...
かんかん...,Clang clang...
とんかん...,Clatter clatter...
かんとん...,Clink clank...
ぱんぱん...,Clap clap...
とんぱん...,Tap slap...
ぼんぼん...,Boom boom...
どんどん,Rapidly (sound of continuous banging)
ぱんかん...,Bang clang...
ぱんこん...,Bang clonk...
じりりりりん...,Ring ring ring...
とるるるるる...,Ringtone...
がちゃん,Clank
どばどば...,Gushing
ぴーぽぱーぽ...,Siren wail
ぷるるぷるる...,Ring ring
ぷるるるるぷるるるる...,Long ring
ぷー...,Whoosh
ぴーぱらりらーぽ...,Siren blare
ぱーぱらりらー...,Siren wail
ぱぱーぱらりら...,Siren blare
とるるるるとるるるる...,Trill trill
かーかー...,Caw caw
わーわー...,Wail wail
あーあー...,Crying
がーがー...,Snoring
ぷーん...,Buzz
ぶーん...,Drone
きゅじゅじゅ...,Sizzle
ひゅーひゅひゅ...,Whistle
ぎしっぎしっ...,Creak creak
ばきっばきっ...,Crack crack
かちかちかちかちどんとんだんだん,Clack clack bang bang step step
かさっかさっ...,Rustle rustle
かさっばんかさっ,Rustle bang rustle
ばっばっ...,Flap flap
ばばばっばば...,Rapid flap
ばばばっばばば...,Faster rapid flap
かちゃかちゃ...,Click click
ばばっばばば...,Rapid flap
ばっがちゃ...,Snap clatter
がちゃぎーぎーどす,Clack screech thud
かつかつ...,Tap tap
ぱぱ...,Pop pop
カタ,Click
タ,Tap
,(No entry)
タタタ,Tap tap tap
チャ,Ching
カチャ,Click
チャチャチャチャチャ,Chatter chatter chatter
カチャカチャカチャ,Click click click
トトト,Trot trot trot
ト,Tap
トチャ,Splash
タトト,Rat-a-tat
トトトトトト,Patter
トチャチャチャ,Splash splash splash
カチャチャチャチャ,Clatter clatter clatter clatter
タッタタッタ,Trot trot
タタ,Tap tap
タッタタ,Trot trot
カチャチャチャ,Clatter clatter clatter
カチャカチャカチャカチャカチャカチャ,Clatter clatter clatter clatter clatter clatter
チャチャ,Chatter
カチャチャチャチャチャチャ,Clatter clatter clatter clatter clatter clatter
チャチャチャ,Chatter chatter
カシャカシャ,Rustle rustle
カシャカシャカシャ,Rustle rustle rustle
カシャカシャカシャカシャ,Rustle rustle rustle rustle
ビュオー,Whoosh
ビュービュオビュオビュオ,Whoosh whoosh whoosh whoosh whoosh
ビュー,Whoosh
ゴォー,Whoosh
ビューグォグォ,Whoosh-gurgle
ビュービュオビュオ,Whistle-blow
ビューブォブォ,Whoosh-blow
ビューゴー,Whoosh
ビューズオズオ,Whoosh-sizzle
ビューシュォシュォ,Whoosh-shush
ビューブォ,Whoosh-blow
ビューカタグォンカタグォン,Whoosh-clank-clank
ビューガタングヲンヲンヲ,Whoosh-rattle-rattle
ビューウォー,Whoosh-roar
ビューグヲングゥー,Whoosh-gurgle
ビューガタン,Whoosh-clatter
コト,Clink
トントン,Tap tap
ゴトン,Clunk
カシャン,Crash
ビュオォォー,Whoooosh
ブオーンカシャン,Vroom-crash
ブオーン,Vroom
ブオーンガタングオー,Vroom clank roar
ブオォォー,Vroooom
ブオォォーバシャー,Vroooom splash
ブオーングゥー,Vroom grumble
ブオォォーン,Vroooom
ブオーンカシャングォー,Vroom click clang
ブオーントゥクオーン,Vroom thunk roar
ブオーンカシャカシャグオングオン,Vroom rustle grumble
ブオーンブアングオンオン,Vroom bang grumble
キュオーン,Squeeeeel
ビュオーンシャードン,Whoosh crash
ブオォォーンシャートン,Vroooom crash
ブオォォーンカタートン,Vroooom clatter
キュオーンカシュトーン,Squeeeeel shush thud
ブオォォーンシューン,Vroooom shush
ブオォーンシューカトン,Vrooom shush thud
キュオーンカターンシュ,Squeeeeel clatter shush
キュオーントーントーン,Squeeeeel toong toong
キュオートブオーン,Squeeeeel to vroom
ガタグオー,Clank clang roar
キュオーントーガシャン,Squeal crash
ピュオーン,Whoosh
キュオーグオン,Squeal roar
キュオーゴトングオーン,Squeal clatter roar
キュオードタン,Squeal thud
カタン,Clatter
トントントン,Tap tap tap tap
カタンタン,Clatter tap
ビュオォォーン,Whoooosh
ビュオードンシュー,Whoosh boom shoo
ブオートンシュー,Vroom thud shoo
ビュオートトゥーン,Whoosh toot
ドンドーン,Boom boom boom
ゴロロ,Rumble rumble
ザーゴー,Pouring roar
ザーゴロゴロゴー,Pouring rumble rumble roar
ビュオーヒュー,Whoosh whistle
ゴーゴロゴロ,Roar rumble rumble
ドンガラララ,Crash rattle rattle rattle
ドシャーン,Splash bang
ビュオーゴロゴロゴ,Whoosh rumble
シャラララララ,Tinkle tinkle tinkle
ピュヨヨシャララ,Whistle tinkle
ピャラララララシャララ,Flute tinkle
シャララリンリンリン,Tinkle ring ring ring
ピャラララララ,Flute flute flute
チャララララ,Strum strum strum
チャララリンリンリン,Strum ring ring ring
ピャラララララリラ,Flute trill
ピャラララ,Flute flute
ピョララ,Whistle trill
シャリリリンリンリン,Crisp ring ring ring
シュラララリンリンリン,Swish ring ring ring
シャラララリンリンリン,Tinkle ring ring ring
チュリリリリリ,Chirp chirp chirp
チリンチリンチリン,Ding ding ding
チリリリンリン,Ring ring ring
チリン,Ding
チュリンリリリン,Slide ring ring
シュリンリンリン,Swish ring ring
チャリンリリリン,Clink-ring-ring
ギュオ,Whoosh
シュロロロロ,Whirrrrr
ギュウゥギュオ,Squeal-whoosh
ブオオオオオ,Vrooooom
ぎゅるるるる,Gurgle
ガちゃん,Clank
ボー,Hoooonnnng
トン,Tap
ぎゅるるる,Gurgle
ギュウ,Squeeze
ピュフォ―,Pffft
きゅろろろろ,Whirrrrr
ぎゅろろろろ,Whirrrrr
ビュオビュオビュオ,Whoosh-whoosh-whoosh
ビー,Beep
ジャー,Splash
ヂヂヂヂ,Crackle
ギロ,Glare
ギ―,Screech
ギュロ,Whirring
ギ,Creak
ギュロー,Loud whirring
ウォンウォン,Howling
ギリりりりー,Grinding screech
ギュウォンウォン,Whirring howl
ビュウォンウォン,Whooshing howl
ビュオービー,Whizzing beep
ピュロロロロ,Trilling whistle
ポロロロロ,Soft trilling
ヒュロロロロ,Whistling wind
ピャラララン,Twinkling chime
ピュドーン,Whoosh bang
ビュドーン,Whoosh boom
ドビョン,Splash
ドゴーン,Boom crash
チュドーン,Bang crash
ドっゴーン,Loud boom
チロッチッチッチ,Chirp chirp chirp
チッチッチッチ,Tick tick tick
チチチチチ,Ticking
ゴゴゴゴ,Rumbling
ゴゴババ,Loud rumble
ババババ,Rapid gunfire
ふぃふぃ〜,Whistling
ヒュー,Whoosh
ゴー,Roar
シュー,Hiss
ブロロロ,Engine revving
ブルブルブル,Shivering
ひょうひょう,Light flutter
ふぁー,Yawn
パンパンパンパン,Clapping
パンパン,Clapping
パン,Pop
パーンパーン,Bang bang
ピーんピーん,Beep beep
ピキー,Squeak
ピピピーん,Beeping
ばカーン,Boom!
カーンカーン,Clang clang
ピピピーピピ,Beep beep beep beep
バタバタ,Flap flap
ゴーバタバタ,Loud flap flap
キーン,Ringing tone
ゴォーン,Roar
ファーン,Whistle
ビーンブーン,Buzzing hum
ぼーーー,Humming drone
ファキラリ,Sparkle flicker
キーキャン,Squeak yelp
ゴーンゴーン,Bong bong
キーンゴー,Ringing roar
ゴーゴゴ,Roar rumble
プァープァー,Puff puff
ピャキーン,Sharp clang
シャキーン,Slash
パキーン,Crack
バーンバーンバーン,Bang bang bang
バーン,Bang
バーンバーン,Bang bang
ピッピッピー,Beep beep beep
ピッピッピッピー,Beep beep beep beep
ピポッ,Beep
バキュン,Bang
バババババ,Rat-a-tat-tat
バキューン,Bang
バリバリ,Crunch crunch
サクサク,Crunchy
ピピピッ,Beep beep
ビヨヨヨ,Wobble wobble
がおー,Roar
ピッ,Beep
じゅわー,Sizzle
ピー,Beep
ジー,Buzz
ピーピーピー,Beep beep beep
ピロピロロロ,Whistle trill
ピーピッピ,Beep beep beep
ブィーン,Vroom
ヒューン,Whoosh
バチバチウィーン,Crackle-whirr
バチバチ,Crackle
バシューン,Wham
ティリティリ,Tinkle-tinkle
ばー,Boom
うぁーん,Waaaah
キラーん,Sparkle
きらんシャラン,Glitter-jingle
キラキラ,Sparkling
チーンチーンチーン,Ding ding ding
チーンチーンチーンチーン,Ding ding ding ding
チーンチーンチーンチーンチーン,Ding ding ding ding ding
チーンチーンチーンチーンチーンチーン,Ding ding ding ding ding ding
チーンチーンチーンチーンチーンチーンチーンチーン,Ding ding ding ding ding ding ding ding
チーンチーンチーンチーンチーンチーンチーンチーンチーン,Ding ding ding ding ding ding ding ding ding
コーンコーンコーンコーンコーン,Honk honk honk honk honk
コーン,Honk
コーンコーンコーン,Honk honk honk
コーンコーンコーンコーン,Honk honk honk honk
コーンコーンコーンコーンコーンコーンコーンコーンコーンコーン,Bong bong bong bong
ボボボボ,Vroom vroom
カッチャン,Clank
カチャン,Click
キラっ,Sparkle
キーンコーンカーンコン,School bell ringing
チリリリリリ,Ring ring ring ring
カチャカチャ,Clatter clatter
カッチカッチ,Tick-tock
カチッカチ,Click click
チャリチャリ,Jingle jingle
ブオー,Vroom
ブルル,Rumble
カタカタギーギー,Clatter creak
かっか,Flare up
カタカタ,Rattle
キッ,Snap
コー,Hoot
グオー,Roar
ドー,Boom
グーオー,Roar
ブオーグオー,Loud roar
ドーオオー,Deep roar
ホワー,Whoosh
ボワー,Glow
グワー,Growl
ボワワー,Blazing roar
クワワワ,Rattling
ブワワー,Roaring blast
クワワワン,Rattling roar
クオー,Call
ボオーン,Boom
カカカカボン,Clatter-bang
ガタガタボンボンカタカン,Rattle-bang-clank
カンカラカラカーボン,Clatter-rattle-bang
グオーン,Loud rumble
グアーン,Deep roar
ガーン,Shock
ディクティン,Click
デュシャデュシャデュシャ,Splash-splash-splash
ディシャーディシャーディシャー,Splash splash splash
ジシャージシャージシャー,Splash splash splash
ジャリージャリー,Crunch crunch
ビジャー,Splash
カタガースー,Clatter-rustle
ガタガタカサガサ,Rattle rustle
カタカタカタカタ,Clatter clatter
ピーンポーン,Ding dong
ガサガサカラコロ,Rustle clink
ガタガタキンキン,Rattle clang
ビチャビチャ,Squelch squelch
ギギギー,Creak creak
シャカシャカ,Rustle rustle
ギガラギガラ,Clatter clatter
ガラギー,Rattle creak
ドンドンドン,Bang bang bang
キュッキュッ,Squeak squeak
ザワザワザワ,Murmur murmur
ピピー,Beep beep
オーイ,Hey!
ビシビシ,Crackling
ウオー,Roar
シャシャシャ,Rustle rustle rustle
 ウワーキャー,Screaming cheers
ビリリリリ,Buzzzzzt
オーおー,Oh oh
ドンドンドコドコ,Boom boom boom boom
ドンキュキュ,Thump squeak
ワーワー,Loud noise
ウオーイ,Hey!
ザッザッザザー,Scrape scrape scrape
そーそーおーい,Hey hey hey
カンカンカーン,Clang clang clang
パンパンドンドン,Bang bang boom boom
カンカンカンカーン,Clang clang clang clang
キャーワー,Screams
イケイケおーい,Go go hey!
ザワザワ,Murmuring
いっらしゃいませーどーぞー,"Welcome, please come in"
たんたん,Tap tap
ウエーい,Yay
ポンざっ,Pop-snap
ナイスはーい,"Nice, yes!"
キャーウワー,Screaming
ウエーいよいしょー,"Yay, heave-ho"
パンポン,Pop-pop
はーい,Yes!
パキン,Crack
ミンミンミン,Cicada chirping
カットバセー,Cut it!
カンコン,Clang-clang
ストライーク,Strike!
ゴシゴシゴシ,Scrub scrub scrub
カカカサササー,Rustle rustle
ポワンブクブク,Bubble pop
カサカサギシギシ,Rustle creak
ピシーピシー,Snap snap
カサカサビリー,Rustle squeak
ザザザザー,Rushing sound
ピシ,Snap
サーボン,Soft pop
カサコサ,Rustling
ボッボワー,Bubbling
ビシャビシャ,Splashing
ジャゴジャゴ,Rattling
ギッギッギッギ,Creaking
サボン,Soft pop
カサカサガサガサ,Crunchy rustling
サーキッ,Whirring
ゴージジジー,Buzzing
カリカリボリボリ,Crunching
ジョボジョボー,Gushing
ピシカン,Snap
ジョボジョボシュワー,Gushing fizz
ジリリリ,Ringing
バッコン,Bang
ジョロロー,Pouring
カン,Clang
クワッ,Sharp cry
ジャラジャリー,Clinking
ズルルー,Slurp
ごっくん,Gulp
カサカサカサ,Rustle rustle
カランカラン,Clink clank
キーゴー,Screech
ブルルルー,Vroom
ジリリー,Ring ring
ブルルルーキーゴー,Vroom screech
ガタンゴトン,Clatter clatter
キー,Squeak
ギー,Creak
ガガガー,Rattle rattle
ゴーガタンゴトン,Roar clatter
ゴーゴンゴン,Thud thud
こーガタンゴトンこー,Clatter clatter clatter
ピシッシュー,Snap hiss
ピーロン,Beep beep
ぴー,Beep
ピリリリリ,Buzz buzz buzz
ピリリリ,Buzz buzz buzz
こんこん,Knock knock
ごーガンガンキー,Bang bang clang
チャリンピ,Clink
ゴーピー,Beep beep
チャリンピーピー,Clink beep beep
ガタンゴトンキー,Clatter clatter clang
プッ,Pfft
カッコン,Clack
カッチャンカコン,Clink clack
ぐつぐつ,Simmering
カコン,Clink
ザクっザク,Chop chop
ザクっシュー,Chop whoosh
ジーゴロゴロ,Buzz rumble
コン,Tap
ジューパチパチ,Sizzle crackle
ジュー,Sizzle
ジャコジャコ,Scrape scrape
ピピピ,Beep beep beep
パじゃじゃー,Splash splash
がこん,Clunk
からん,Clink
バシージャー,Crash splash
ジュワージュー,Sizzle
カラカラコン,Rattle clink
じゃー,Splash
ジョボー,Gush
ザッザッザ,Scrape scrape scrape
かこん,Clack
ジチチチチ,Crackle crackle
ジョボジョボ,Dribble dribble
かちゃん,Click
ジョボジャー,Gush splash
キージョー,Creak
ビシャー,Splash
ジョロロロー,Pouring
コロッカン,Clatter clank
ぴっ,Beep
カシャーカシャー,Rustle rustle
ぴシュー,Sssht
ウイーン,Whirring
ギーギー,Squeaking
ザザー,Rustling
エンジンの音,Engine sound
シャー,Hissing
かちゃかちゃかちゃ,Clattering
ざぶー,Splash
かぽん,Plop
コトン,Thud
ざーぴちゃぴちゃ,Drip-drip
ごろごろろ,Rumble
かぽ,Plop
ぼー,Humming
ぽいぽいぽい,Tossing
ぽい,Toss
び,Beep
ぽん,Pop
じゃーこぽこぽ,Splashing
きゅ,Squeak
ぎゅ,Squeeze
じゃじゃじゃ,splashing
ごーじゃじゃじゃじゃ,roaring splash
ごーじゃじゃじゃじゃー,prolonged roaring splash
ごーじゃじゃじゃじゃーしゃー,prolonged roaring splash with spray
ごーじゃーごー,roaring go
ごぼ,gurgle
ぴちゃ,drip
ご,thud
ぴちゃぴちゃ,splish-splash
ぼぼ,bubbling
とん,tap
とんとんとん,tap tap tap
ぴちょん,plop
ぱちゃぱちゃぱちゃ,splash splash splash
ぴ,peep
しゅー,whoosh
びちゃびちゃびちゃ,squelch
じゃ,splash
じゃじゃじゃじゃ,continuous splash
ぽ,pop
じりりりん,ringing buzz
ぷー,honk
ぴぽぱぽ,beep-boop
ぶっ,pop
しゅっ,swish
びゅっ,whoosh
ぷるるる,ring-ring
びーじょりじょり,buzzing scrape
ぶおーぼー,roaring wind
かちゃ,click
ごとん,clunk
びー,beep
ぷるるるる,ring-ring-ring
こと,plop
びゅー,whoosh
ごうん,thud
がやがや,chatter
かんかんかん,clang-clang-clang
しゅーーーーーー,shhhhhhh
ぶるるるる　ぶるるるる　ドドドドドド　どどどっどー　ぶるるるるる　（話し声）,"engine rumble, rumble, rumble, rumble, rumble (background voices)"
ぶるっるるるーーーん　ぶるーーーーーん　ぶるん　（話し声）,Vroom vroom vroom (engine sound)
てんてんてんてん（話し声）,Tap tap tap tap
ちーちーちー,Chirp chirp chirp
とんとん,Knock knock
ぶおーーーー　ざーーー　ひゅるひゅる　ひゅるひゅる　ひゅるひゅる　ぴよぴよ　ひゅるひゅる,Whoosh—zzz—whistle whistle whistle—chirp chirp—whistle
たんたんたんたん,Tap tap tap tap
ざーーーーーー　ぶおーーー　,Zzzz—whoosh
ざーー　ぴー　たんたんたんたん,Zzz—beep—tap tap tap tap
ざー　しゅーーー　たんたん　しゅーーー　ぴー　だん　つー（ときどき人の声）,Zzz—shhh—tap tap—shhh—beep—thud—buzz (occasional voice)
たんたんたんたんたんたん,Tap tap tap tap tap tap
ざーーー　ふぉーん　がーーーーーーー　ざーーーー　ざーーーー,Zzzz—phone ring—roar—zzz—zzz
やーやー　やーいやーやー,Hey hey—hey hey hey
ざーーー　（ときどき人の声）がたん　がたんがたん　どんどん　ぷぷー　ぷぷー　ぷー　ぷーぷー,Zzz (occasional voice)—clatter—clatter clatter—bang bang—beep beep—beep—beep beep
ぷすん　しゅーーー（ときどき人の声）　ちりちりちりちり　うぉーーーーん　どどっどどどどどーーー,Psst—shhh (occasional voice)—crackle crackle—howl—thud thud thud thud thud—
ぷぷぷー　ぷーーー　ぷー　かんこんかん,Beep beep beep—beeeep—beep—clang clang clang
ごーーー　うぃーん　うぃーん,Whoooosh—whirr whirr
ぶおーーーー　＆　うぃーん,Whoooosh & whirr
うぃーん　うぃーん（人の話し声）,Whirr whirr (talking)
ひゅーーーん　ひゅーーーーん　ひゅーーーーん　ひゅーーーーん　ひゅーーーーん,Whoooosh whoooosh whoooosh whoooosh whoooosh
ぴぴぴぴぴ,Beep beep beep beep beep
ひゅーーーん　ひゅーーーーん　ひゅーーーーん,Whoosh whoosh whoosh
ひゅんひゅんひゅんひゅんひゅんひゅんひゅんひゅん,Whiz whiz whiz whiz whiz whiz whiz whiz
ぴぴぴぴぴぴぴぴぴぴぴぴぴぴ,Beep beep beep beep beep beep beep beep beep beep beep beep beep beep
たんたんたんたん　かっ　（常に人の話し声）,"Tap tap tap tap, snap (people talking)"
がたんがたん　どん　がとん（アナウンス音,"Clatter clatter, bang, clunk (announcement sound)"
人の話し声）,(people talking)
ううううーーーん　ううーん　ぷぷぷーぷぷー　うううーん　ぷぷぷー,"Mmmmmm, hmm, chuckle chuckle, mmm, chuckle"
ごーーーーーーーーー（機内アナウンス）　,Roar (in-flight announcement)
かちっ　,Click
ちんちん,Ding-ding
びゅいーん　ぴー　ぷっ　カツカツカツカツ（常に人の話し声,"Vroom, beep, puff, clack clack clack clack (people talking)"
ときどきアナウンス）,"(people talking, occasional announcement)"
カツカツカツカツ　がしゃん（常に人の話し声）,"Clack clack clack clack, crash (people talking)"
きゅおん　たっ　ぴゅーおーーん　たたん　つぉん　きゅきゅ（常に人の話し声）,"Squeal, tap, whooooon, tat-tat, tswon, squeak (people talking)"
ごーーー　たんたんたん　てぃん　つ　たんたん　とん　どん　ぷしゅー（常に人の話し声）,"Roar, tap tap tap, ding, ts, tap tap, ton, don, pshoo (people talking)"
てぃん,Ding
てゅくてゅ,Tuck tuck
どしゅーん,Swoosh
トゥルルルルルル,Rrrrrrring
ごーーー　ぴー　びゅおーん　しゅーー　ぴーぴー,"Roar, beep, whoosh, shhh, beep beep"
ガシャがしゃがしゃがしゃ　びゅおーん　ぴー　ドドドドドドドドド　ドドドドドドドドドおお,"Clatter-clatter-clatter, whoosh, beep, rumble rumble rumble rumble rumble rumble rumble rumble, rumble rumble rumble rumble rumble rumble rumble rumble roar"
ごーーー　ぴーーーー　ぴーーーー　ぷっ　ガシャがしゃがしゃがしゃ（ときどき話し声）,"Whoooosh, peeeep, peeeep, pop, clatter-clatter-clatter (occasional talking)"
ぐぉーーーーーーーーーーー　ぷしゅー　ぐゅおん　ぷーぷー　（ときどき話し声）,"Roarrrrrrrrrr, hiss, vroom, tooting (occasional talking)"
すりすりすりすり　ぱたぱたぱたぱた　びゅおーん,"Rub rub rub rub, pat pat pat pat, whoosh"
ぐおーーーー　てゅいんてゅいん　ぐおーーーー　ぴーーー　ぴぴー（ときどき話し声）,"Roaaar, twang twang, roaaar, peeeep, peep peep (occasional talking)"
かたん　ことん,"Clunk, clatter"
ぴち,Plop
かちっ,Click
きっ　ちー　こん　ととん　ととん　とん,"Snap, cheep, dong, tap tap, tap tap, tap"
かちかちかち　とん　ひゅーいーーーん　（ずっと「ふぉーーーー」,"Tick tick tick, dong, whoooosh, (continuous ""foooo"")"
ときどき話し声）,(occasional talking)
ごーーーーーーー　かしゃかしゃ　ごーーーーーーー,"Whoooooooo, rustle rustle, whoooooooo"
ごーーーーーー　かしゃかしゃ　つん　ごーーーー　ごーーーー（ときどきアナウンス）,"Whooooooo, rustle rustle, thump, whoooo, whoooo (occasional announcement)"
ごーーーーー　かつ　ごーーーーーごーーーーー　カツカツカツカツ　ごーーーーー　ひゅーーーーー　カツカツカツカツ　（ときどき話し声）,"Whoooooo, clack, whoooooo whoooooo, clack clack clack clack, whoooooo, whoooosh, clack clack clack clack (occasional talking)"
ごーーーーー　びゅーーー　ぎゅしゅーん　ごーーーーー　（ときどき話し声）,"Whoooooo, whoosh, swoosh, whoooooo (occasional talking)"
ガシャーン,Crash
ごーーー　ぴゅいー　だんだんだん　かしゃーん　ごーーーー　かーん（ときどき話し声）,"Whooo, peep, bang bang bang, crash, whooo, clang (occasional talking)"
だん　からからからからから（ときどき話し声）,"Bang, rattlerattlerattle (occasional talking)"
だん　つーーーーつつつつつ　ぷぷー　ぴぴー　きゅいー　だん　つー　ぴー　ぴぴー　つつつつつ　だん　（ときどき話し声）,"Bang, tsssssssss, beep beep, peep, squeak, bang, ts, peep, peep peep, tssssss, bang (occasional talking)"
ぶるるるる　ごーーーー,"Rumble rumble rumble, whooo"
ぴーーー　だん　,Beep-beep ding
ごーーーーごとごと　ぴー　ぷー　ぶぶー　ぴー　カツカツ　ぴっぴー　かちゃんかちゃん　ぴー　ごーーーー（ときどき話し声・咳払い）,Rumble rattle beep beep honk beep click click beep clatter (occasional talking/cough)
カツッ　ピピピピー　ガラガラガラガラガラガガラ（ときどき話し声）,Click beep-beep-beep rattle rattle rattle (occasional talking)
ざーーーー　ぴぴぴぴー　ぴゅひぃー　ぴっ　ざーーー　（ときどき話し声）,Ssshhh beep beep whistle pop ssshhh (occasional talking)
バランバラン（ときどき話し声）,Clatter clatter (occasional talking)
つつつつつー　ぴーーぴぃーーーー　ぴいいいい　ごわぁーーーー　きゅいーーん　ぴー（ときどき話し声）,Tapping beep-beep wail roar whine beep (occasional talking)
ザーーーー　カツ　トン　カツカツカツカツ　ピー　ピー　ザーーー　ピー　ピピー　カシャーン　カツカツカツカツカツカツカツ　ピピー　ピピー　フォーン　ザーーー　トン　フォーン　フォーン　ピピー　ピピー　ピーー　ピーーー　ブルルル　ピー　ピー　ピー　ピピー　ピー（ときどき話し声）,Ssshhh click thud tap tap tap tap beep beep ssshhh beep beep snap tap tap tap tap tap tap tap beep beep phone ssshhh thud phone phone beep beep beep beep vroom beep beep beep beep beep (occasional talking)
ザーーーー　フーフー　プー　トントン　ツツツツツツ　（ときどき話し声）,Ssshhh huff puff tap tap tss tss tss tss tss (occasional talking)
口笛・雑踏　ピピピピピー　ガゴン　プープープー　ピピー　ピー　ツツツツツツ　ポーポーポーポー　カツカツ　ザーーーー　カツ　ピー　ピッピー　ピー（ときどき話し声）,Whistle crowd beep beep beep clank honk honk honk beep beep tss tss tss tss tss beep beep beep beep tap tap ssshhh click beep beep beep (occasional talking)
ぷっぷー　かんかん　つっつっつっつ　ぴー　がんがん　ざーーー　ぴっぴー　からんらん　トントン　コツコツコツコツ　ぴっー　ぴー　ウィーン　ざーーー　ピーー　ざーーー　（ときどき話し声）,Honk honk clang clang tap tap tap beep pounding ssshhh beep beep chime chime tap tap tap tap tap beep beep whirr ssshhh beep ssshhh (occasional talking)
ピー　ブルブルブルブル　プッ　カツカツ　ピー　カシャカシャカシャカシャ　トントン,Beep vibrate pop tap tap beep rustle tap tap
がたん　ぶーーーん　ウーーーン　ウーーーン,Clatter vroom whirr whirr
コツコツコツ　ぷーーん　かしゃぁー　ぶるるるるん（ときどき話し声）,Tap tap tap buzz clatter rumble (occasional talking)
ウーーーン ウーーーン ウーーーン ウーーーン ウーーーン ウーーーン,Whirr whirr whirr whirr whirr whirr
ウーーーン ウーーーン（同時にぴぽぴぽ）　ぷーぷーぷー,Whirr whirr (with siren) honk honk honk
キュワンキュワンキュワンキュワンキュワン　,Squeal squeal squeal squeal squeal
ウァーーーン ウァーーーン ウァーーーン ウァーーーン ウァーーーン,Wail wail wail wail wail
キュワンキュワンキュワンキュワンキュワン,Squeal squeal squeal squeal squeal
ぴっ　ぴっ　ぶーーーん　ぷーーーーーーー　ぴっ　,Beep beep vroom whoooosh beep
カラカラカラカラ　プッ　きーきーきーきー　ぷっー　びゅしゅー　きーー　（ときどき話し声）,Rattle rattle rattle rattle pop squeak squeak squeak squeak pop whoosh squeak (occasional talking)
たんたんたん ピィー　かん　かん　ぴぃー（ときどき話し声）,"Tap tap tap, beep beep, clang clang, beep (occasional talking)"
がちゃ,Click
カツカツカツカツ カシャ　カツカツカツカツ　かちかっち(アナウンス､話し声),"Clack clack clack clack, snap, clack clack clack clack, tick-tock (announcement, talking)"
カツカツカツカツ（同時に話し声）,Clack clack clack clack (simultaneous talking)
ぴんぽん　ぷしゅー　がたがたがたがた　（ときどきアナウンス）,"Ding dong, hiss, rattle rattle rattle rattle (occasional announcement)"
こん　コツコツコツコツ　ガタンガタンガタンガタン　コツコツコツコツ（ときどきアナウンス）,"Clink, tap tap tap tap, clatter clatter clatter clatter, tap tap tap tap (occasional announcement)"
ピピピピピ　ピピピピピ　ガタンガタンガタンガタン　ひーひゅー　ちん　（ときどきアナウンス）,"Beep beep beep beep beep, beep beep beep beep beep, clatter clatter clatter clatter, whoosh, ding (occasional announcement)"
ゴゴゴゴゴゴゴーーーーー ヒーヒュー,"Rumblingggggggg, whoosh"
ガタンガタン　ガタンガタン　ガタンガタン（アナウンス）,"Clatter clatter, clatter clatter, clatter clatter (announcement)"
ピンポン　ぷしゅー,"Ding dong, hiss"
ウィーン　ガタンゴトン　ガタ　ガタ　　（アナウンス）,"Whirr, clatter clatter, clack clack (announcement)"
きゅるるー　がたんがたん（アナウンス）,"Squeal, clatter clatter (announcement)"
きゅるるーーーーー　きゅいキュイーーん（アナウンス）,"Squeeeeeeal, squeak squeak eeeen (announcement)"
ぷー　,Pfft
ぷー　ざーーーー　コツコツ　ぷーー　ぷっ　きーーん　ぷー　　ざーーーー　ぷしゅ　（ときどき話し声）,"Pfft, zzzzzz, tap tap tap, pfft, pop, keeeen, pfft, zzzzzz, hiss (occasional talking)"
カンカンカン　じー　ざーーーーーー　がたんがたん　,"Clang clang clang, buzz, zzzzzzzzz, clatter clatter"
ざーーーーー　ぷっ　コツコツ　ぷぷー　ぷぷー　がガガガガガガが　ぷぷー　かっつかっつかっつ　プシュー　ぷぷー（ときどき話し声）,"Zzzzzzz, pop, tap tap tap, poot poot, poot poot, gaggagagaga, poot poot, clack clack clack, whoosh, poot poot (occasional talking)"
ブオーーーーー　（アナウンスのような声）,Vroooom (announcement-like voice)
キィキィ　ピ　ブーーーー　しゅーしゅー　びゅーん　びゅーん　ぴー　ぷー　（ときどき話し声）,"Squeak squeak, beep, brrrrr, shoo shoo, whoosh whoosh, beep, pfft (occasional talking)"
ぐおおおおおおーーーん　しゅーん,"Gwooooooooon, shoooon"
カシューン　トントン　カツカツカツ　キュキュキュキュ（ときどき話し声）,"Click-clack, tap-tap, clip-clop, squeak-squeak (occasional talking)"
プシュー　ププー　ザーーーーー　フォーン　（ときどき話し声）,"Pshhh, beep-beep, zzzzzzzz, phone ring (occasional talking)"
コツコツコツコツ トントン　（ときどき構内アナウンス）,"Tap-tap-tap-tap, knock-knock (occasional announcement)"
（構内アナウンス）ピンポン,Ding-dong (announcement)
ウィーン　ガタンガタン　ガタンガタン　ごーーーーー　ガタンガタン　ガタンガタン　ごーーーーー　ごーーーーー　ガタンガタン　ガタンガタン　ガタンガタン　ごーーーーー　ガタンガタン　ごーーーーー　ガタンガタン　ガタンガタン　ごーーーーー　ガタンガタン　ごーーーーー　ガタンガタン　ごーーーーー　ガタンガタン　ごーーーーー　ガタンガタン,"Whirr, clatter-clatter, clatter-clatter, roar, clatter-clatter, clatter-clatter, roar, roar, clatter-clatter, clatter-clatter, clatter-clatter, roar, clatter-clatter, roar, clatter-clatter, clatter-clatter, roar, clatter-clatter, roar, clatter-clatter, roar, clatter-clatter, roar, clatter-clatter"
ゴトンゴトンゴトン　ぴーぷーぴーぷー　ガタンゴトン　ぴーぷーぴーぷー　きゅーぷしゅー（同時に駅構内アナウンス）,"Clunk-clunk-clunk, beep-beep, clatter-clunk, beep-beep, squeak-puff (with station announcement)"
ピンポン　ぴーぷーぴーぷーぴーぷーぴーぷー　（構内アナウンス）,"Ding-dong, beep-beep-beep-beep (announcement)"
ゴーゴゴゴゴゴーガタンガタン　ガタンガタン　ゴーーーー（構内アナウンス）,"Grrrrr-grrrrr, clatter-clatter, clatter-clatter, groooan (announcement)"
シャーシャーシャーシャーシャーシャー　キー　シャーシャーシャーシャ　コン（人の話し声）,"Shh-shh-shh-shh-shh-shh, screech, shh-shh-shh-shh, knock (people talking)"
コツコツコツコツ　トントントン　（人の話し声）,"Tap-tap-tap-tap, knock-knock-knock-knock (people talking)"
ティティティーーン ティティティーーン ティティティーーン（人の話し声）,"Ding-ding-ding-ding, ding-ding-ding-ding, ding-ding-ding-ding (people talking)"
ひゅいーーん　ひゅいーーん　ひゅーいーーーん　ティティティティティ　,"Whiiirrr, whiiirrr, whiiirrr, titter-titter-titter"
たたたたたた　からから　てゅんてぃん　コツコツコツ　たかっ　コツコツコツ（人の話し声）,"Rat-a-tat-tat, rattle-rattle, twinkle, tap-tap-tap, clack, tap-tap-tap (people talking)"
ゴーーーーーヒューーヒューーピーーヒュー,Grrrrrrr—whoo-whoo—peep—whoo
ぴー（アナウンスの声）,Beep (announcement voice)
ガタンガタン　ガタンガタン　ガタンガタン　ヒュー,"Clatter-clatter, clatter-clatter, clatter-clatter, whoosh"
ざわざわ,"Murmur, buzz"
ふぉーーん　ざーーーー　カタンカタン　ふぉふぉーーん　（ときどき人の話し声）,"Whoooon, zzzzzz, clack-clack, whoo-whoo, (occasional talking)"
かたかた　びゅーん　しゅーーー　ざーーーーー　ふぉーん　ひゅーーん　ぶぶぶぶぶぶぶ（ときどき人の話し声）　,"Clatter-clatter, whoosh, shhhh, zzzzzz, whoooon, wheeeen, brrrr"
コツコツコツコツ　ぷーー　コツコツコツコツコツ　ざーーー　（ときどき人の話し声）,whoosh knock whistle roar beep vroom phone tap tap tap tap tap (occasional human voices)
ざーーーーーーかん　こんこん　ひゅーーー　ヴゅおーーーーーーー　ぴぴぴ　ぶおんぶおん　ふぉーん　トントントントントン　（ときどき人の話し声）　,whoosh vroom beep buzz purr tap tap tap tap (occasional human voices)
ざーーーーーぶおんぶおん　ぴいーー　ぶーーーん　ぷぷぷーーん　コツコツコツコツ（同時にときどき人の話し声）,tap tap tap tap (with human voices)
とんとんとんとん（同時に人の話し声）,music and announcement
音楽とアナウンス,tat tat tat tat tat tat tat tat (with human voices)
たたたたたたたた（同時に人の話し声）,bzzzzzz
ぶーーーーーー,peeeeee
ぴーーーー,puff-shhh
ぷぅーしゃーーーー,shaaaah
シャァーーーーーー,zzzzzzzzzzz
ずーーーーーーーーー,zoom zoom zoom zoom
ビューン　ビューン　ビューン　ビューン,whoooooooooosh
ビューーーーーーーーーーーーーーーーーン,huff (inhale) huff (exhale)
ハァー（吸う）　ハァー（吐く）,pant pant pant pant
ハァハァハァハァ,shush-shush-roll shush-shush-roll shush-shush-roll shush-shush-roll
しゅしゅしゅーるる　しゅしゅしゅーるる　しゅしゅしゅーるる　しゅしゅしゅーるる,huff huff-huff huff-huff
ハースハースーハースーハースー,huff-exhale huff-exhale huff-exhale huff-exhale huff-exhale huff
スーハースーハースーハースーハースーハースーハー,duuuuun
でゅーーーん,buzzzz
ぶーーーーん,pop
ぽーーーーん,Jingle
じゃらーーーん,Tap tap tap tap
タン　ト　タン　トン,Boom boom boom
ドン　ドン　ドン,Vroom vroom vroom
ドゥーオーーン　ドゥーオーーン　ドゥーオーーン,Whooooosh
ぽぉーーーーーーーーーーー,Sigh
ふぅーーーーーーーーーーー,Peep
ぴぃーーーーーーーーーーーーーー,Growl (stomach)
ぐううううううううううううう,Pop pop pop pop
ぽぽぽぽぽ,"Ticking, buzzing"
てぃーーーーーしーーーーーきーーーぶおーーー,Ticking
てぃーーーーーしーーーーーきーーー,Knock knock knock (with stare)
とんとんとんとんとんとんとんとんとんとんとん（同時にじーーーー）,Bang
ばぁーーーん,Vroom
ぶぉーん,Roar
くぉーぅおー,"Shh, whoosh, huff, whoa, shh"
しーっ　しゅー　はぁー　ふぉーー　しー,"Hiss, huff, hiss, huff, whoa, shh"
しゃー　はぁー　しゃー　はぁー　ふぉー　しー,(No direct English equivalent; possibly a growl or grunt sound)
くっころぉー,Howl
くぉーーーん,Thud
どぅおんーーーーーーー,Croaking (frog)
くぉーーーーーーくぉんくぉんくぉん,Honking horn
ぽーぽーどおおおおおおおん,Siren wail
ぴーぽーぴんーぽーーーーどーどー,Horn honking
ぷーぽーぷおーぴおーぽーーーん,Roaring
ぐおーーーーーーーーー,Barking
わんわんわんわんわん　わんわんわんわん,Screeching
ぎぎぎぎーーーーい,Beeping
ききーききーききーききー,Clanking
ちちちぎぎぎん ちちちぎぎぎん,Creaking + blowing
きしししし（同時にふーーーー）        ,Hissing
しーーー　　,Whistling melody
ひー　しー　ふぉー　しー　ふー　しー　ふぉー,Barking + jingling
うぉんうぉんうぉんうぉんうぉんうぉんうぉんうぉんうぉん（同時にキロキロキロキロ）,Long howl
こーーーーーーーーーーーーー,Drum beats
ぼーんぼーんぼーんぼーんぼーんぼーん,Bell ringing
かーん　かーん　かーん　かーん　かーん　かーん　かーん,Engine rev + whoosh
ぼぅおおおーーん ひゅーーーーー,Zoom
ツォーーーン,Boom
どーーーん,Gong sound
ごーーーーーん　,Boom
だーーーーーん,Boom boom boom boom boom
だーーん　だーーん　だーーん　だーーん　だーーん,Buzz buzz
ぶーーん　ぶーーん,Rainstorm rumble screech whoosh roar
ザーッ　ゴゴゴゴゴゴーーーーーー　キーーーン　ぶーー　ごーー,Whoosh screech rumble
ぶーーー　キーーーン　ゴゴゴゴゴゴ,Rustle whoosh
ざざざざー　ぶーーー,Shing
しゃーーーん,Ding dong
ピーン　ポーン,Roar
ごーーーーーー,Tinkle tinkle tinkle
てぃてぃてぃん　てぃてぃん　てぃてぃてぃん,Beep beep beep buzz buzz buzz beep
ぴぴぴぴ　びびび　ぼぼぼ　ぴぴぴぴ　びびび　ぼぼぼ　ぴ,Roar
ごーーーーー,Beeeeee
びーーーー,Hmmm
うーーーーん,Ding ding
ちーーんちーーーん,Tap tap tap tap tap
タンタンタンタンタン,Screech
キーーーン,Clank clank clank clank clank
クォーンクォーンクォーンクォーンクォーン,Screech
イキーーン,Rainstorm
ザーッ,Cicadas buzzing + buzzing sound
ミンミンミンミン（同時にジーッジーッジーッ）,Trickling water + rushing water
ちょろちょろちょろちょろ（同時にざー）,Trickling water
ちょろちょろちょろちょろ,Cicadas buzzing + loud roar
みーんみーん（同時にゴーーーーーーーー）,Squealing
キューキュォーン,Squeal
キュォーン,Beeping + ringing
ピーピピピピピピ（同時にリンリンリンリン）,Ringing + hissing
リリリリ（同時にサー）,Ringing + dinging
リリリリ（同時にちーんちーん）,Splashing + splatter
ザザーン　ぴちゃぴちゃ,Engine revving
ブーブォーン,Engine humming
ブォーン,Frog croaking
ケロケロケロ,Duck quacking
グワッグワッ,Splash splash
ピチャピチャ,Screeching
キキキキ,Beep beep beep
ピッピピ,Beep beep beep beep
ピッピピピ,Ring ring
リーンリーン,Thunder rumbling + crash
ゴロゴロガッシャーン,Crunch crash
バリバリガッシャーン,Rumble crackle
ゴロゴロバリバリ,Hiss rumble
サー ゴロゴロ,Drip drip
チョロチョロ,Rumble
ゴロゴロ,Pour buzz
ザー ブーン,Swish
サーッ,Splash splash
ポチャポチャ,Swish rumble
サーッゴロゴロ,Chirp chirp buzz
ピヨピヨ ジー,Beep beep buzz
ピピピピ ジー,Splash caw caw
ピチャピチャ カーカー,Pour rumble
ザーゴゴゴゴゴ,Pour roar
ザーッババババ,Whoosh roar
ビューザーッババババ,Pour whoosh
ザーッピュー,Rustle
サラサラ,Whoosh
ビューザーッ,Swish splash
ザザーン,Cicada call
ツクツクボーシ,"Caw caw, sizzle"
カーカー ジリジリ,"Buzz buzz, chirp chirp chirp"
ジージー ピヨヨヨ,Chirp chirp chirp
サーピチピチ,Tap tap tap tap...
テンテンテンテン...,Pluck pluck
ポロロン,Bang bang bang bang
ダンダンダンダン,Pain pain pain
ペインペインペイン,Clap clap clap clap
パーッパパパー,"Thud, tap"
ドンッ タッ,Ta-da!
ジャーン,Clap clap clap clap
チャチャチャチャ,Tap tap tap tap
タッタタタ,Tap tap tap
タンタンタン,Trill trill trill
タラララ,Strum strum
チャラーチャラー,Bang bang bang
ダンダンダン,Roar roar roar
ゴウゴウゴウ,Boing boing boing boing
ポヨポヨポヨポヨ,Ding ding ding
ティンティンティン,Ta-da!
ジャジャーン,Ta-da-da
タララー,Ta-da-da-da
タララタララ,Soft tapping
テロテロテロ,Twang
テヨーン,Thump-thump
ズンチャズンチャ,Boom
ズーン,Boing-boing
ピヨンピヨン,Squeak
ギーッ,Click
カチャッ,Beep
ビーッ,Vroom
ブルルル,Peep-peep-peep
ピーピーピーピー,Tap-tap
タンタン,Bang-bang
ダンダン,Boom-boom
ドーンドド,Thud
ズドーン,Brisk footsteps
スタスタ,Throb
ドックン,Crunch-crunch
ザクザク,Cough cough
ゴホゴホ,Flapping
パタパタ,Crunch crunch
ザッザッ,Sticky pat
ペタペタ,Steady walk
テクテク,Knock knock
コンコン,Swipe
ザッ,Chop
ザクッ,Rustle
ザザッ,Clearing throat
エヘン,Chirp chirp
ピヨヨー,Peep peep
ピーチチチ,Chirp chirp whistle
チチチピー,Hoot hoot
ホーホー,Woof woof
ワンワン,Growl
ウー,Chirp chirp
チチチ,Woof
ワン,Sniff sniff
フンフン,Sigh
フー,Hiss
プシュー,Crash
ガシャン,Screech
キキー,Clank
ガチャン,Whoosh whoosh whoosh
ヒュンヒュンヒュン,Vroom
ビュワーン,Howl
ワォーン,Squeal
キュルルル,Engine rumble
ブルルブルル,Gurgle gurgle gurgle
コポコポコポコポ,Buzz buzz
ブーンブーン,Click click
カチッカチッ,Pluck
ポロン,Throb throb
ドクドクドクドク,Sigh
スー,Whirr
フォーン,Moo
モー,Hehehe
イッヒッヒッヒ,Roar
ウォー,Honk moo
ブーブーモーモー,Bzzz bzzz
ブブブブ,Boom
ズドン,Crunch crunch
ガリッガリッ,Munch munch
ムシャムシャ,Crunchy
カリッカリッ,Crunch crunch (dry)
シャクシャク,Vroom vroom
ブロロロロ,Sniff sniff
スーハー,Swoosh
すぅーっ,Squish
グチャ,Tap tap
タカタカ,Clink clank
ジャラジャラ,Vrrrrr
ブルルルル,Clang
ガッチャン,Squeak squeak
キュルキュル,Clink
チャリーン,Ding dong
ピンポーン,Creak creak
キコキコ,Click clack
カツカツ,Whoosh
サザーン,Splash splash
ジャブジャブ,Rattling
ゴトゴト,Thud
ゴトッ,Clatter
ガタン,Buzzing
ジジー,Bang
ゴン,Clack-clack
カタカタン,Splashing
ピチピチ,Paddling
チャプチャプ,Chirp chirp
チュンチュン,Drone
ズー,Beep beep
ピーピー,Vroom vroom
ブオンブオン,Flapping
ビチビチ,Tap tap
コツコツ,Whoosh
フォーファー,Slurping
ズルズル,Tap tap tap tap
トントントントン,Swoosh
シュシュシュ,Chatter
ガヤガヤ,Fireworks cheer
たーまやー,Fireworks shout
たまや,Bang bang bang
パパパン,Tap tap
ポンポン,Bravo
ブラボー,Simmering
コトコト,Spinning
グルグル,Shivering
ブルブル,Trembling
ププルプルプルプル,Boom
ドゥーーん,Whirring
ピロロロ,Howl
ウォーン,Vroom
ヴーン,Chirp chirp
ティティ,Buzz
ジジ,Thump
トゥン,Toot toot toot
トゥトゥトゥ,Bzzz
ブブブ,Honk honk
ブーブー,Beep
ディー,Static noise
ジジジ,Dii-dii-diin – Electronic beep
ディディディーン,Wiiiin – Whirring
ウィーーン,Doon – Boom
ドゥーン,Turu-turu – Smooth sliding
トゥルトゥル,Diririn – Phone ringing
ディリリン,Wiiin wiiin – Siren wail
ウィインウィイン,Diriri diriri – Rapid ringing
ディリリディリリ,Zaruru zaruru – Slurping
ザルルザルル,Pikon pikon – Beep beep
ピコンピコン,Pop pop – Light popping
ポッポッ,Tiriri – Bell ringing
ティリリ,Duruduru – Dripping
ドゥルドゥル,Turururu – Phone ringing
トゥルルル,Popororororo – Bird chirping
ポポロロロロ,Bon bon bon – Thumping
ボンボンボン,Totototo – Running footsteps
トトトト,Dodododo – Heavy footsteps
ドドドド,Go go – Roaring wind
ゴーゴー,Giin – High-pitched whine
ギーン,Gyuiin – Screeching
ギュイーン,Clattering
ガシャガシャ,Clanging
ガシャンガシャン,Clatter
ガラン,Rustle
バサッ,Vroom
ブオオン,Screech
ギューーーン,Zoom
ギューン,Tinkle
カラン,Beep beep
プープー,Ringing
キンキーン,Squeak
キュッキュ,Bong
タン,Tsk
チッ,Chirp chirp
ピヨピヨ,Crunch crunch crunch crunch
ザクザクザクザク,Translation pending
