name,name_english
チャイム,Chime
何かが伸びる音,Sound of something stretching
鍋に何かが落ちる音,Sound of something falling into a pot
トライアングル,Triangle
錫,Tin
風鈴のような電子音,Electronic sound like a wind chime
何かの楽器,Some kind of musical instrument
鈴のような楽器,Bell-like instrument
空気音,Air sound
ファン,Fan
コンピューター,Computer
コンピューターを起動し、タイピングをする音,Sound of a computer starting up and typing
掃除機を起動し終了する,Vacuum cleaner turning on and off
ディスク,Disc
電話,Telephone
ダイアルアップ,Dial-up sound
遠くで雨が降っている,Rain falling in the distance
外で雨が降っていて、屋内で何かのスイッチを入れた音,Rain falling outside with a switch being turned on indoors
ハンドベルを使ったSE,Sound effect using handbells
ハサミで切る音,Sound of cutting with scissors
フィルム,Film
サイレン,Siren
消防車の鐘,Fire truck bell
鐘の音,Bell sound
エイリアン,Alien
ウインドチャイムを使ったチャイム,Chime using wind chimes
オルガンを使ったチャイム,Chime using an organ
楽器とオペラ歌手,Musical instruments and opera singer
オペラ歌手,Opera singer
オルガン？,Organ?
エレクトーン,Electone (electronic organ)
ピアノ,Piano
アニメにでてくる銃声,Gunshot sound from anime
鈴,Bell (small handbell or jingle bell)
何かを切る音,Sound of cutting something
テレビのつかない画面,TV screen turned off
ファンの音,Fan noise
CPのファンの音,CP fan noise
ラジオの無音,Radio static (silence)
AMラジオの無音,AM radio static (silence)
三番叟鈴,Sanbaso Bell
少し大きめの鈴,Slightly Larger Bell
クラベス,Claves
拍子木,Hyoshigi (Wooden Clappers)
ウッドブロック,Woodblock
木琴,Xylophone
リング鈴,Ring Bell
硬い拍子木,Hard Wooden Clappers
カスタネット,Castanets
鈴数個の音,Sound of Several Small Bells
大きめ鈴の音,Sound of a Larger Bell
親指の爪大きさの鈴,Bell the Size of a Thumb Nail
法螺貝,Conch Shell Trumpet
ボウシュウボラ,Boshubora (Sea Snail Shell)
ゲーム音,Game Sound
カセットテープのテープを出して振っている音,Sound of Pulling Out and Shaking a Cassette Tape
薄い木片を回転させている音,Sound of Rotating Thin Wooden Pieces
お風呂の蓋を巻いて広げる音,Sound of Rolling and Unfolding a Bathtub Lid
古いミシンの音,Sound of an Old Sewing Machine
ラッピング紙に何かを入れて振っている,Sound of Putting Something into Wrapping Paper and Shaking It
傘の水を振り払う音,Sound of shaking water off an umbrella
木をナイフでカットする音,Sound of cutting wood with a knife
物を足で避けて大きな荷物を下ろす音,Sound of stepping around objects and putting down a large load
本をかき集める音,Sound of gathering books
落ち葉を集める音,Sound of raking fallen leaves
裁断機,Paper cutter
木の箱の蓋を開ける音,Sound of opening a wooden box lid
金属や木の欠片をビニール袋で振っている音,Sound of shaking metal and wood scraps in a plastic bag
沢山の薄い木の欠片,Many thin wood chips
落ち葉の中を歩く音,Sound of walking through fallen leaves
ピアノのレとファ,Piano notes D and F
ピアノのレとファのペダル,Piano pedal for D and F
低いピアノのドの＃とソ,Low piano notes C# and G
沢山の歓声と拍手,Loud cheers and applause
沢山の歓声と拍手と口笛,"Loud cheers, applause, and whistling"
沢山の拍手,Loud applause
割れるような沢山の拍手,Thunderous applause
女性の沢山の拍手,Loud applause by women
ばさばさした感じの沢山の拍手,Rustling-sounding loud applause
軽い感じの沢山の拍手,Light-sounding loud applause
広い会場での沢山の拍手,Applause from a large audience in a spacious venue
雨の音のような沢山の拍手,Applause resembling the sound of rain
女の人の歓声とたくさんの拍手,Women's cheers and lots of applause
歓声と拍手,Cheers and applause
手を叩く,Clapping hands
拍手,Applause
大勢の拍手,Applause from a large crowd
３人が拍手,Three people clapping
6人ぐらいが拍手,About six people clapping
広い会場での大勢の拍手,Applause from a large crowd in a spacious venue
削ってハサミでカット,Scraping and cutting with scissors
プラスチック下敷きを仰ぐ,Fanning a plastic desk pad
長い刃の刈り込み鋏,Long-bladed hedge shears
20cmほどの裁ち鋏,Approximately 20 cm tailor’s scissors
時報,Time signal (chime)
目覚まし時計,Alarm clock
デジタル時計のタイマー,Digital clock timer
ゲーム内のタイマー,In-game timer
アナログ時計の秒針の音,Sound of an analog clock’s second hand
木管楽器とチャイムがリズムに乗って鳴る,Woodwind instruments and chimes playing rhythmically
クッキングタイマー,Cooking timer
強い風が壁に当たる音,Sound of strong wind hitting a wall
大きな物体がすれ違う音,Sound of a large object passing by
大きな物体が当たる音,Sound of a large object hitting something
早い物体が通り抜ける音,Sound of a fast object passing through
大きな物体が通り抜ける音,Sound of a large object passing through
風が通った音,Sound of wind passing through
金属音,Metallic sound
お風呂の蓋,Bathtub lid
木の蓋,Wooden lid
木を転がす音,Sound of rolling wood
洗濯機の脱水,Washing machine spin cycle
ドライヤー様のファンの音,Hair dryer-like fan sound
食洗機に水が注入される音,Sound of water being poured into a dishwasher
食洗機が洗浄されている音,Dishwasher washing sound
鉄パイプに熱い空気が流れる音,Sound of hot air flowing through an iron pipe
業務用洗浄機・蒸気音,Commercial washer steam sound
洗濯機で洋服が偏っている音,Sound of clothes unbalanced in a washing machine
"s/wON,OFFで風を大量に出す機械の音",Sound of a machine blowing a large amount of air with switch ON/OFF
洗濯機の音,Washing machine sound
布団を入れた洗濯機,Washing machine with a futon inside
脱水機,Spin dryer
水を注入している音,Sound of water being poured
洗浄機が回転している音,Sound of a washing machine rotating
高圧洗浄の水を貯める音,Sound of water from a high-pressure washer being collected
洗濯機の回転する音,Sound of a washing machine spinning
洗濯機に水を貯める音,Sound of water filling a washing machine
洗濯機の脱水の音,Sound of a washing machine spinning (dehydrating)
洗濯機に水を入れる,Filling water into a washing machine
空の洗濯機に全自動で水が入り回転する音,Sound of an empty washing machine automatically filling with water and spinning
お風呂の蓋をする音,Sound of closing a bathtub lid
高音の縦笛,High-pitched recorder
電子ピアノ,Digital piano
重そうな人が古い床を歩く音,Sound of a heavy person walking on an old wooden floor
振り子時計,Pendulum clock
金属音の振り子時計,Pendulum clock with metallic sound
太く大きな振り子時計,"Thick, deep-sounding pendulum clock"
軽い音の振り子時計,Light-sounding pendulum clock
ダイヤルが回って反響音が長い鳴る時計,Clock with a dial turning and a long echoing chime
メトロノーム,Metronome
高い音のメトロノーム,High-pitched metronome
ダイヤルを回す音,Sound of turning a dial
3時を知らせる振り子時計,Pendulum clock chiming 3 o'clock
高音の振り子時計,High-pitched pendulum clock
４時を知らせる振り子時計,Pendulum clock chiming 4 o'clock
時計塔の低い鐘,Low bell of a clock tower
高音の金の音,High-pitched metallic sound
西洋の鐘の音,Western-style bell sound
回転させる音,Sound of rotating
西洋の振り子時計,Western-style pendulum clock
高音のローリングボールチャイム,High-pitched rolling ball chime
低いチャイムのローリングボールチャイム,Low-pitched rolling ball chime
中音のローリングボールチャイム,Mid-pitched rolling ball chime
太い音のローリングボールチャイム,Deep-sounding rolling ball chime
続けて２回金属音長めの振り子時計,Pendulum clock with two consecutive long metallic chimes
１回だけの金属音長めの振り子時計,Pendulum clock with a single long metallic chime
２回続けて少し鈍い音の振り子時計の音,Pendulum clock sound with two consecutive slightly dull chimes
4回続けて大きな少し鈍い音の振り子時計の音,"Pendulum clock sound with four consecutive loud, slightly dull chimes"
ゼンマイがぐるりと回転して鐘がなる,Spring winding around with bell ringing
古いメトロノーム,Old metronome
ゼンマイがぐるりと回転して1回鐘がなる,The spring winds fully around and the bell rings once
ゼンマイがぐるりと回転して２回鐘がなる,The spring winds fully around and the bell rings twice
ゼンマイがぐるりと回転して3回鐘がなる,The spring winds fully around and the bell rings three times
ゼンマイがぐるりと回転して4回鐘がなる,The spring winds fully around and the bell rings four times
ゼンマイがぐるりと回転して5回鐘がなる,The spring winds fully around and the bell rings five times
ゼンマイがぐるりと回転して6回鐘がなる,The spring winds fully around and the bell rings six times
ゼンマイがぐるりと回転して7回鐘がなる,The spring winds fully around and the bell rings seven times
ゼンマイがぐるりと回転して8回鐘がなる,The spring winds fully around and the bell rings eight times
ゼンマイがぐるりと回転して9回鐘がなる,The spring winds fully around and the bell rings nine times
ゼンマイがぐるりと回転して10回鐘がなる,The spring winds fully around and the bell rings ten times
1回鐘がなる,The bell rings once
2回鐘がなる,The bell rings twice
3回鐘がなる,The bell rings three times
4回鐘がなる,The bell rings four times
5回鐘がなる,The bell rings five times
6回鐘がなる,The bell rings six times
7回鐘がなる,The bell rings seven times
8回鐘がなる,The bell rings eight times
9回鐘がなる,The bell rings nine times
10回鐘がなる,The bell rings ten times
４回鐘がなる,Bell rings 4 times
４回高音の鐘がなる,High-pitched bell rings 4 times
４回低音で響く鐘の音,Deep resonant bell sound ringing 4 times
1回高音の鐘が鳴る,High-pitched bell rings once
よく響く鐘の音１回,"Loud, resonant bell sound once"
低音の響く鐘の音1回,Deep resonant bell sound once
低音の響く鐘の音2回,Deep resonant bell sound twice
低音の響く鐘の音3回,Deep resonant bell sound three times
低音の響く鐘の音4回,Deep resonant bell sound four times
低音の響く鐘の音5回,Deep resonant bell sound five times
低音の響く鐘の音6回,Deep resonant bell sound six times
低音の響く鐘の音7回,Deep resonant bell sound seven times
低音の響く鐘の音8回,Deep resonant bell sound eight times
低音の響く鐘の音9回,Deep resonant bell sound nine times
低音の響く鐘の音10回,Deep resonant bell sound ten times
1回低い鐘の音,Low-pitched bell rings once
2回低い鐘の音,Low-pitched bell rings twice
3回低い鐘の音,Low-pitched bell rings three times
4回低い鐘の音,Low-pitched bell rings four times
5回低い鐘の音,Low-pitched bell rings five times
6回低い鐘の音,Six low bell chimes
7回低い鐘の音,Seven low bell chimes
映写機の音,Sound of a film projector
低い音の振り子時計2回なる,Two low chimes of a pendulum clock
響く音の振り子時計4回なる,Four resonant chimes of a pendulum clock
ゼンマイを巻く音,Sound of winding a spring (clock)
機械のチャイムの音,Mechanical chime sound
横断歩道の機械音でとおりゃんせ,"Mechanical sound of a pedestrian crossing playing ""Tooryanse"""
横断歩道の機械音でCommon Frae the Town,"Mechanical sound of a pedestrian crossing playing ""Common Frae the Town"""
高音の横断歩道の機械音でCommon Frae the Town,"High-pitched mechanical sound of a pedestrian crossing playing ""Common Frae the Town"""
横断歩道の機械音,Mechanical sound of a pedestrian crossing
高音の機械音,High-pitched mechanical sound
高音の機械音目覚まし時計,High-pitched mechanical alarm clock sound
高音の鳥の鳴き声のような機械音,High-pitched mechanical sound resembling a bird’s call
ノコギリでカットする音,Sound of cutting with a saw
機械を回す音,Sound of turning a machine
ハサミで髪を切る音,Sound of cutting hair with scissors
太い油性ペンで厚紙に書く音,Sound of writing on thick paper with a thick permanent marker
太い油性ペンで滑らかな紙に書く音,Sound of writing on smooth paper with a thick permanent marker
濃い鉛筆でデッサンする音,Sound of sketching with a dark pencil
濃い鉛筆で文字を書く音,Sound of writing with a dark pencil
木の車輪を動かす音,Sound of moving wooden wheels
細い油性のペンで文字を書く,Sound of writing with a thin oil-based pen
細く硬いペン先の油性のペンで文字を書く,"Sound of writing with a thin, hard-tipped oil-based pen"
サインペンで丸つけをする音,Sound of circling with a marker pen
サインペンで文字を書く音,Sound of writing with a marker pen
石板に文字を書く音,Sound of writing on a slate
ボールペンで文字を書く音,Sound of writing with a ballpoint pen
ボールペンで厚みのある紙に文字を書く音,Sound of writing with a ballpoint pen on thick paper
糸巻き機が巻く音,Sound of a thread winding machine
ゆっくりなピンポンチャイム音,Slow ping-pong chime sound
高音の呼び出し音,High-pitched call tone
高音で反響する呼び出し音,"High-pitched, echoing call tone"
鳩時計1回鳴く,Cuckoo clock cuckoos once
鳩時計4回鳴く,Cuckoo clock cuckoos four times
金属音の鳩時計4回鳴く,Metallic cuckoo clock cuckoos four times
扉が開いて出てくるタイプの木製の鳩時計で2回鳴く,"Wooden cuckoo clock with door opening, cuckoos twice"
扉が開いて出てくるタイプの木製の鳩時計で４回鳴く,"Wooden cuckoo clock with door opening, cuckoos four times"
扉が開いて出てくるタイプの木製の鳩時計で８回鳴く,"Wooden cuckoo clock with door opening, cuckoos eight times"
機械の鳩時計の音で4回鳴く,Mechanical cuckoo clock cuckoos four times
機械の鳩時計の音で2回鳴く,"Mechanical cuckoo clock sound, cuckoos twice"
扉のない鳩時計4回鳴く,"Cuckoo clock without a door, cuckoos four times"
電子音で高音の鳩時計4回鳴く,"Electronic high-pitched cuckoo clock sound, cuckoos four times"
高ヘルツの機械音,High-frequency mechanical sound
電子カメラのシャッター音,Electronic camera shutter sound
歯医者さんのドリル音,Dentist’s drill sound
機械音でソファ＃ファミと下がる音,Mechanical sound of a sofa moving down by a semitone (F# to F)
ビブラートのかかった機械音でソファ＃ファミと下がる音,Vibrato mechanical sound of a sofa moving down by a semitone (F# to F)
木の箱にある木の破片をシェイクする音,Sound of shaking wooden fragments inside a wooden box
手鈴の曇った音,Muffled sound of a handbell
豆の入った蓋を開けて容器に豆を入れて木の蓋をする音,"Sound of opening a lid with beans inside, pouring beans into a container, and closing a wooden lid"
豆の入った木筒を転がす音,Sound of rolling a wooden cylinder filled with beans
大きめの手鈴の音,Sound of a larger handbell
木のボールを鉄のカゴの中で回す音,Sound of rolling wooden balls inside an iron basket
プラスチックのおはじきを掻き回す音,Sound of stirring plastic counters
小さめの手鈴,Small handbell
中位の手鈴,Medium handbell
少し大きめの手鈴,Slightly larger handbell
豆を木べらでかき回す音,Sound of stirring beans with a wooden spatula
小さな豆を鍋の中でかき回す音,Sound of stirring small beans inside a pot
荷馬車の車輪の音,Sound of a wagon wheel turning
ゲームBoyのゲーム音クリアした時の音,Game Boy sound when clearing a game
ストーリーゲームの音楽で継続中,Background music in a story game (ongoing)
宇宙ゲームの音楽,Space game music
宇宙ゲームの音楽ステレオバージョン,Space game music (stereo version)
呼び鈴ロングバージョン,Doorbell (long version)
呼び鈴ショートバージョン,Doorbell (short version)
呼び鈴間を空けて2回,Doorbell rung twice with pauses
呼び鈴間を空けて4回,Doorbell rung four times with pauses
呼び鈴早く振る,Doorbell rung rapidly
自転車のチェーンを回す音,Sound of a bicycle chain turning
ザルに豆を入れて洗う音,Sound of washing beans in a colander
休まず泣き続ける雛鳥の鳴き声,Continuous crying of a baby bird without pause
すごい速さで休まず泣き続ける雛鳥の鳴き声,"Rapid, continuous crying of a baby bird without pause"
すごい速さで休まず泣き続ける鳥の鳴き声,"Rapid, continuous crying of a bird without pause"
休まずずっと泣き続ける雛鳥の鳴き声,Continuous crying of a baby bird without stopping
鳥の声,Birdsong
ゲームの爆弾の音,Sound of a bomb in a game
流れ星,Shooting star
星が光る音,Sound of stars twinkling
小さな星が光る音,Sound of a small star shining
プリンター,Printer
鐘,Bell
ドラム,Drum
爆発,Explosion
プロペラ,Propeller
カーレース,Car race
モーター,Motor
ゴング,Gong
紙,Paper
ページめくり,Page turning
踏切,Railroad crossing
着信音,Ringtone
バイブ,Vibration
キーボード,Keyboard
ギター,Guitar
喧騒,Noise (bustle)
学校のチャイム,School chime
学校の早いチャイム,Fast school chime
電子音の学校のチャイム,Electronic school chime
太鼓,Drum
心臓の鼓動,Heartbeat
石が床に落ちる,Stone falling on the floor
アラーム,Alarm
ローブを振る,Rubbing a robe
星が光る,Twinkling stars
鐘を叩く,Striking a bell
金属が床に落ちる,Metal falling on the floor
ぜんまいを巻く,Winding a spring
電源が入った,Power turning on
紙を握る,Crumpling paper
ベル,Bell
電気が流れる,Electric current flowing
鐘が鳴る,Bell ringing
ビニール袋を触る,Touching a plastic bag
空気が抜ける,Air escaping
紙が切れる,Paper tearing
ボールが弾む,Ball bouncing
ワープ,Warping
津波,Tsunami
ノイズ,Noise
ノイズと風,Noise and wind
星が輝く,Stars shining
雨,Rain
ダムの放水,Dam water release
泡が弾ける,Bubbles popping
スロット,Slot machine
ガラスを拭く,Wiping glass
レーザービーム,Laser beam
金属を叩く,Hitting metal
キーボードを叩く,Typing on keyboard
時計が動く,Clock ticking
シャーペンを押す,Clicking a mechanical pencil
足音,Footsteps
壁を叩く,Tapping on wall
受話器を置く,Placing down a telephone receiver
鍵をかける,Locking a door
保留音,Hold music
電話が切れた,Phone disconnected
電話の呼出音,Telephone ringing tone
虫が飛ぶ,Insects flying
虫の声,Insect sounds
虫の声と街の雑踏,Insect sounds with city noise
床の軋み,Floor creaking
枝が折れる,Branch breaking
タイプライター,Typewriter
ドアを閉める,Closing a door
ドアを開けて部屋に入る,Opening a door and entering a room
タイピングする音,Typing sound
電卓をたたく音,Calculator tapping sound
タ、タッタタ,"Ta, tat-ta-ta (rhythmic tapping sound)"
ボタンを押す音,Button pressing sound
タイピングの音,Typing sound
タイプライターを押す音,Typewriter key pressing sound
掃除機をかける音,Vacuum cleaner running sound
掃除機を起動する音,Vacuum cleaner starting sound
工具箱を開く音,Toolbox opening sound
木槌でたたく音,Sound of tapping with a wooden mallet
木槌を置く音,Sound of placing down a wooden mallet
何かを当てて擦る音,Sound of rubbing something against an object
蓋をあける？,Opening a lid?
置いてしまう音？,Sound of placing something down?
雷が落ちる音,Sound of thunder striking
雷が鳴る音,Sound of thunder rumbling
風が吹く音,Sound of wind blowing
嵐,Storm
強雨,Heavy rain
強風,Strong wind
雨と雷,Rain and thunder
風雨,Wind and rain
鉄楽器,Percussion instrument (metal)
何かをこする音,Sound of something being rubbed
何かが回転している音,Sound of something rotating
何かを起動させている音,Sound of something starting up
何かを起動する音,Sound of starting something
スイッチを切る音,Sound of switching off
テープを起動？,Starting a tape?
起動終了,Startup complete
テープが回転,Tape spinning
ドライヤー,Hair dryer
テレビの砂嵐,TV static noise
何かを回転させている音,Sound of something rotating
掃除機,Vacuum cleaner
ハープ？,Harp?
爆弾が爆発,Bomb explosion
時計の針,Clock hands ticking
リズムを刻む,Keeping a rhythm
そろばんの球をなぞる,Sliding abacus beads
秒針の音,Second hand ticking
ブザー,Buzzer
宇宙船の音,Spaceship sound
エンジン音,Engine sound
エンジン音・風を切る音,Engine sound and wind rushing
風の音,Wind sound
爆発音,Explosion sound
効果音,Sound effect
手拍子,Hand clapping
疑問の効果音,Question sound effect
モールス信号,Morse code
雨の音,Rain sound
金属が当たる音,Sound of metal hitting metal
物が当たってガラスが割れる音,Sound of an object hitting and breaking glass
狙撃音,Sniper shot sound
ベルの音,Bell sound
ものを切る音,Sound of cutting something
アラームオン,Alarm turning on
ライオン,Lion (animal sound)
水をいれる音,Sound of pouring water
エアコンスイッチの音,Air conditioner switch sound
エアコンのルーバーが動く音,Sound of air conditioner louvers moving
エアコンの風の音,Sound of air conditioner airflow
スイッチの音,Switch sound
リモコンの音,Remote control button sound
コールオン,Call button activation sound
チーンチーンチーンチーンチーンチーンチーン,Chime chime chime chime chime chime chime chime
チーンチーンチーンチーンチーンチーンチーンチーンチーンチーン,Chime chime chime chime chime chime chime chime chime chime chime
コーンコーンコーンコーンコーンコーン,Horn honk honk honk honk honk honk
コーンコーンコーンコーンコーンコーンコーン,Horn honk honk honk honk honk honk honk
コーンコーンコーンコーンコーンコーンコーンコーン,Horn honk honk honk honk honk honk honk honk
コーンコーンコーンコーンコーンコーンコーンコーンコーン,Horn honk honk honk honk honk honk honk honk honk
時計の秒針,Clock second hand
ブザー音,Buzzer sound
不明,Unknown
ファン強風,Strong wind from a fan
強風の音,Sound of strong wind
扇風機の音,Sound of an electric fan
弱の風の音,Sound of a gentle breeze
大きなファンが回る音,Sound of a large fan spinning
風に揺られてぶつかり合う金属音,Sound of metal clashing as it sways in the wind
エアコンのルーバーが閉まる音,Sound of air conditioner louvers closing
歯車の音,Gear sound
何かが外れる音,Sound of something coming off
スイッチの電子音,Electronic switch sound
ファンがゆっくり止まる音,Sound of a fan slowly stopping
低速で大きなファンが回る音,Sound of a large fan spinning at low speed
中速で大きなファンが回る音,Sound of a large fan spinning at medium speed
高速で大きなファンが回る音,Sound of a large fan spinning at high speed
低速と中速のリズム風のファンの音,Rhythmic fan sound alternating low and medium speeds
超低速と低速のリズム風のファンの音,Rhythmic fan sound alternating ultra-low and low speeds
低速の扇風機の音,Sound of a fan running at low speed
ファンが回る音,Sound of a fan spinning
暖房の風の音,Sound of warm air from a heater
着火する音,Sound of igniting a fire
ふたつきのドラム缶を引きずるような音,Sound of dragging a drum can with a lid
缶と引き出しの音,Sound of a can and a drawer
大きめの鐘の音,Sound of a large bell
何かを叩く音,Sound of hitting something
硬い木の箒で硬い面を擦る音,Sound of a hard wooden broom scraping a hard surface
箒で落ち葉を掃く音,Sound of sweeping fallen leaves with a broom
ガラスの破片を掃く音,Sound of sweeping glass shards
高水圧で水をかける音,Sound of water sprayed at high pressure
厚めの紙を裁断する音,Sound of cutting thick paper
ツールボックスの中を物色する音,Sound of rummaging inside a toolbox
カッターの歯を出し入れする音,Sound of sliding a cutter blade in and out
チャイムの音,Sound of a chime
袋の中に入ったたくさんの缶が当たり合う音,Sound of many cans clinking inside a bag
ツールボックスに入った金属の道具が当たる音,Sound of metal tools clanging inside a toolbox
水の中にあるタオルを水揚げして絞る音,Sound of wringing a towel soaked in water
電鋸で何かを切る音,Sound of cutting something with a chainsaw
ブラシで磨く音,Sound of brushing and polishing
金属の鍵を回すような音,Sound of turning a metal key
何かを回す音,Sound of turning something
扉が開く音,Sound of a door opening
体育館でバスケットボールをする音,Sound of playing basketball in a gymnasium
シューズでフロアをターンする音,Sound of shoes turning on the floor
子供たちの喋り声,Children's chatter
笛の音,Sound of a whistle
バレーボール中に声を出す男性,Man shouting during volleyball
バレーボールの音,Sound of volleyball
剣道の試合中の音,Sounds during a kendo match
拍手の音,Sound of clapping
歓声,Cheers
ブザーの音,Sound of a buzzer
応援の音,Sound of cheering
太鼓の音,Sound of drums
ホイッスルの音,Sound of a whistle
砂地のグラウンドの足音,Footsteps on a sandy ground
ゴングの音,Sound of a gong
ボクシング中のセコンドの声,Corner man’s voice during boxing
ボクシング中のパンチの音,Sound of punches during boxing
子供たちが校庭で遊ぶ音,Children playing in the schoolyard
室内で多くの人がしゃべっている,Many people talking indoors
サッカーのゲーム中の音,Sounds during a soccer game
バドミントンの音,Sound of badminton
掛け声,Shouts or calls (cheers)
野球の掛け声,Baseball shouts or calls
バットで打つ音,Sound of hitting with a bat
セミの鳴き声,Cicada chirping
卓球の音,Sound of table tennis
野球の守備の掛け声,Baseball defensive calls
審判のストライクコール,Umpire’s strike call
何かを磨く音,Sound of polishing or scrubbing something
ペンで描く音,Sound of drawing with a pen
水の中に空気が入る音,Sound of air entering water
包装紙を破る音,Sound of tearing wrapping paper
ビニール袋の音,Sound of a plastic bag
傘に水が当たる音,Sound of water hitting an umbrella
傘が開く音,Sound of an umbrella opening
バケツの中の石を混ぜる音,Sound of stirring stones in a bucket
傘を閉める音,Sound of closing an umbrella
電動で鉛筆を削る音,Sound of an electric pencil sharpener
チップスを食べる音,Sound of eating chips
硬いものを食べる音,Sound of eating something hard
せんべいを食べる音,Sound of eating rice crackers
スナックを食べる音,Sound of eating snacks
容器に水が入る音,Sound of water being poured into a container
缶を開ける音,Sound of opening a can
炭酸が注がれる音,Sound of carbonated drink being poured
やかんが沸騰する弟,Sound of a kettle boiling
コンロを止める音,Sound of turning off a stove
お湯を注ぐ音,Sound of pouring hot water
やかんを置く音,Sound of placing a kettle down
ポットの出るボタンを押す音,Sound of pressing a button on a hot water dispenser
お湯が出る音,Sound of hot water flowing
すする音,Sound of sipping
飲み込む音,Sound of swallowing
容器をスプーンで混ぜる音,Sound of stirring a container with a spoon
容器にスプーンを当てる音,Sound of a spoon tapping a container
飛行機が通り過ぎる音,Sound of an airplane flying by
空港内の音,Sounds inside an airport
空港内のアナウンス,Announcement inside an airport
駅構内の音,Sounds inside a train station
ヘリコプターが通り過ぎる音,Sound of a helicopter passing by
電車内の音,Sounds inside a train
飛行機内の音,Sounds inside an airplane
バス内の音,Sounds inside a bus
バスがエンジンをかけて出発する音,Sound of a bus starting its engine and departing
バスのエンジン音,Bus engine sound
バスの扉の開閉音,Sound of bus doors opening and closing
バスのアナウンス,Bus announcement
話し声,Voices talking
飛行機が滑走路を走る音,Sound of an airplane taxiing on the runway
電車が通り過ぎる音,Sound of a train passing by
電車の扉が閉まる音,Sound of train doors closing
改札の音,Ticket gate sound
人が行き交う音,Sounds of people coming and going
アナウンス,Announcement
駅のホーム内アナウンス,Announcement on a train station platform
新幹線のホーム内アナウンス,Announcement on a Shinkansen platform
キャリーを引きずる音,Sound of dragging a suitcase
人の喋り声,Human talking voices
改札口・切符売り場,Ticket gate and ticket counter
電車の音,Sound of a train
駅構内,Inside a train station
駅のホームで電車が近づく音,Sound of a train approaching the platform
 電車の音,Sound of a train
切符売り場の音,Sounds at the ticket counter
飛行機内の離陸時,Airplane taking off inside the cabin
踏切の音,Railroad crossing sound
踏切のバーが開く音,Sound of the railroad crossing barrier opening
道路の音,Road traffic sounds
クラクション,Car horn
トースターのスイッチ,Toaster switch sound
タイマー,Timer sound
沸騰する音,Boiling sound
やかんの笛,Whistling kettle
食器を重ねる音,Sound of stacking dishes
蓋を開けた状態で煮える音,Sound of boiling with the lid open
蓋を閉める,Closing the lid
蓋を閉めた状態で煮える音,Sound of boiling with the lid closed
包丁で切る音,Sound of cutting with a kitchen knife
電子ケトルで水を沸騰させる音,Sound of water boiling in an electric kettle
スイッチが切れる音,Sound of a switch turning off
水が沸騰する音,Sound of water boiling
炒める音,Sound of stir-frying
油で揚げる音,Sound of frying in oil
野菜をおろす音,Sound of grating vegetables
換気扇をつける音,Sound of turning on a ventilation fan
換気扇が回る音,Sound of a ventilation fan running
換気扇をとめる音,Sound of turning off a ventilation fan
電子レンジが回る音,Sound of a microwave running
電子レンジが止まる音,Sound of a microwave stopping
電子レンジを開ける音,Sound of opening a microwave door
電子レンジに皿を入れる音,Sound of placing a plate in a microwave
電子レンジを閉める音,Sound of closing a microwave door
卵をかき混ぜる音,Sound of whisking eggs
焼く音,Sound of grilling or baking
食器の音,Sound of dishes or tableware
蛇口で水を出す音,Sound of water running from a faucet
水が溜まる音,Sound of water filling up
蛇口を開ける音,Sound of turning on a faucet
蛇口を閉める音,Sound of turning off a faucet
蓋を閉めた状態で沸騰,Boiling with the lid closed
蓋を開けた状態で沸騰,Boiling with the lid open
包丁を研ぐ音,Sound of sharpening a kitchen knife
煮える音,Sound of simmering
ガスコンロをつける音,Sound of lighting a gas stove
火がついている,Flame burning
ガスコンロを止める音,Sound of turning off a gas stove
ガスコンロ点火する音,Sound of igniting a gas stove
水が出る音,Sound of water running
食器を洗って片付ける音,Sound of washing and putting away dishes
水が鍋に入る音,Sound of water pouring into a pot
水がたまる音,Sound of water filling up
電子音,Electronic beep
シャッター音,Camera shutter sound
かすかな音,Faint sound
プリンターの印刷音,Printer printing sound
ラジオの入らないチャンネル,Static noise on a radio channel
キーボードをたたく音,Sound of typing on a keyboard
ゆっくりキーボードをたたく音,Slow keyboard typing sound
更にゆっくりキーボードをたたく音,Even slower keyboard typing sound
お湯をかける音,Sound of pouring hot water
桶を置く音,Sound of placing a wooden bucket
水の音,Sound of water
水を排出,Water draining sound
水が落ちる,Sound of water dripping
水が落ちる	ぽん,"Water dripping sound with a ""pon"" pop"
水が流れる、蛇口を閉める,Sound of water flowing and turning off a faucet
水が流れる,Sound of flowing water
トイレを流す,Toilet flushing sound
水を打つ,Sound of striking water
水,Water sound
木槌を打つ,Sound of striking with a wooden mallet
水滴が落ちる,Sound of water droplets falling
水を流す,Sound of running water
電話のベル,Telephone ringing
電話で相手が出ずにきれた,Call ended without answer
ダイヤル音,Dial tone
電話の呼び出し音,Telephone ringing tone
電動髭剃り,Electric razor
送風機を起動しスイッチを切る,Starting and stopping a blower fan
送風機,Blower fan
ご、ご、ご,"Go, go, go (repetitive humming or buzzing sound)"
バイブレーション,Vibration
電話発信,Dialing a telephone
掃除機をかける,Vacuuming
洗濯機,Washing machine
雑踏での会話,Conversation in a crowded place
雑踏,Crowd noise
駅,Train station
電車,Train
雑踏（電車・駅）,Crowd noise (train station)
屋外の雑音（人の足音、、会話、地下水が流れるような音）,"Outdoor ambient noise (footsteps, conversations, sound like flowing underground water)"
屋外の雑音（人の足音メイン、ほか話し声や何かを引きづる音など）,"Outdoor ambient noise (mainly footsteps, with some talking and dragging sounds)"
屋外・道路沿いの音（主にエンジン音、人の会話、足音、クラクション、車の走行音、ブレーキ音など）,"Outdoor roadside sounds (mainly engine noise, conversations, footsteps, car horns, vehicle movement, braking sounds)"
建物内（レストラン？）の音（主に人の会話、食器の音、足音）,"Indoor sounds (restaurant?) (mainly conversations, clinking dishes, footsteps)"
場内アナウンス,Public announcement
電話の着信音,Telephone ringing
建物内での音（おもに人の話し声）,Indoor sounds (mainly human voices)
街頭（おもにパトカーか救急車の音、徐々に近づいきてから離れていく）,"Street sounds (mainly police car or ambulance sirens, gradually approaching then moving away)"
街頭（ずっと救急車の音、徐々に近づいきてから離れていく）,"Street sounds (continuous ambulance siren, gradually approaching then moving away)"
街中（道路沿い）での会話,Conversation on the street (along the road)
道路沿いで会話,Conversation by the roadside
話している後ろでトラック走り出す,Truck starting to drive off behind the conversation
外で会話,Conversation outdoors
鈴虫のような小さな鳴き声,Small chirping sound like a bell cricket
静かな物音,Quiet rustling sound
道路わきで鳥のような音,Bird-like sound by the roadside
走り去る音,Sound of something driving away
道路沿い,Along the road
街中駆け寄る足音,Running footsteps in the city
車の音,Car sound
人の足音,Human footsteps
高い音,High-pitched sound
サイレン重複,Overlapping sirens
サイレン街中,Sirens in the city
サイレン連射,Rapid-fire sirens
電車内,Inside a train
飛行機内,Inside an airplane
結合する音,Sound of joining or connecting
呼び鈴,Doorbell
音の響く混雑した場所,Reverberant crowded place
はっきりとした足音,Clear footsteps
ざわざわ,Murmuring noise
音の響く混雑した建物内,Reverberant crowded indoor space
強くはじく音,Sharp plucking sound
時計の針の強いような音,Loud ticking sound like a clock hand
無音,Silence
トイレ流す音,Toilet flushing sound
トイレ吸い込む音,Toilet suction sound
幹線道路沿い,Along a main road
大きなエンジン音　おおおんん,"Loud engine sound ""ooooonnn"""
渋滞中の道路,Road in traffic jam
大きなエンジン音,Loud engine sound
スタンプのような音,Stamp-like sound
ゲームのような音,Game-like sound
はめたときの音,Sound when fitted or snapped into place
なにかをたたくような音,Sound of hitting something
飛行機内　,Inside an airplane
強い衝撃音,Strong impact sound
なにかが回るような音,Sound of something spinning
雑踏・スーツケースを引く音,Crowd noise with suitcase dragging
紙のようなものが開く音,Sound of paper-like material being opened
口笛・雑踏,Whistling amid crowd noise
街中,City street sounds
サイレン色々混じる,Mixed sirens
パトカー,Police car
ウーーーン ウーーーン ウーーーン,"Wailing siren sound (""Woooon Woooon Woooon"")"
ファイリング,Filing (organizing documents)
建物の中,Inside a building
店内で歩く音,Footsteps inside a store
駅構内、電車入線,"Inside a station, train arriving"
ホームに到着,Arrival at platform
電車停車中,Train stopped
電車発車,Train departure
電車入線,Train arriving
船の中の音,Sounds inside a ship
道路わき　,Roadside
トラック止まる　,Truck stopping
地下鉄,Subway
電車が走る音,Sound of a train running
電車到着,Train arrival
電車発車後の駅構内,Inside the station after train departure
地下鉄止まる音,Sound of the subway stopping
駅アナウンス,Station announcement
地下鉄走り始める音,Sound of the subway starting to run
電車の中,Inside the train
人の歩く音メイン,Main sound of people walking
雑踏の音,Crowd noise
街中の人の話し声,People talking in the city
音楽とアナウンス,Music and announcements
雑踏の中の人の話し声,People talking within the crowd noise
モーター音,Motor sound
水を勢いよく出している音（徐々に弱まる）,Sound of water gushing out (gradually fading)
空気入れ,Air pump
水の波があたる音,Sound of water waves hitting
かたん　タンたん　かたん　タンたん,"Clank, tan-tan, clank, tan-tan (rhythmic metallic sounds)"
金属をはじくような音,Sound of metal being struck or flicked
車が目の前を走りすぎる音,Sound of a car rushing past right in front
しゅわーん　しゅわーん　がつがつ　かっかっ,"Swishing, swishing, chomping, clicking"
水の水滴が落ちたときの音,Sound of water droplets falling
水があふれるような音,Sound of water overflowing
食器がぶつかる音,Sound of dishes clashing
焚火と波の音,Sound of a campfire and waves
飛行機が近づく音,Sound of an approaching airplane
飛行機が爆発する音,Sound of an airplane exploding
吸う吐くの繰り返し,Repeated inhaling and exhaling
人が走るときの荒い呼吸,Heavy breathing while running
ゲームの音（打って命中すると水が流れるような音）※一定のリズム9回,"Game sound (water flowing sound when hitting, with a steady rhythm repeated 9 times)"
ゲームの音（打って命中すると水が流れるような音）※一定のリズム,"Game sound (water flowing sound when hitting, with a steady rhythm)"
ゲームの音（打って命中すると水が流れるような音）※不定期のリズム,"Game sound (water flowing sound when hitting, with an irregular rhythm)"
草むらに分け入るような音,Sound of pushing through tall grass
草むらをかき分けるような音,Sound of parting grass
霜柱の上を歩いているような音,Sound of walking on frost-covered ground
運動後の呼吸（徐々に弱まる）,Breathing after exercise (gradually weakening)
小刻みな激しい呼吸,"Rapid, intense breathing"
激しい呼吸から徐々に弱まる,Intense breathing gradually weakening
激しい呼吸,Intense breathing
トランプをきる音,Sound of shuffling cards
弦をはじく音,Sound of plucking a string
アコースティックギター,Acoustic guitar
太鼓をはじく音,Sound of striking a drum
きらきら星の演奏,"Performance of ""Twinkle, Twinkle, Little Star"""
長いケトル音,Long kettle sound
長い口笛,Long whistle
高い機械音,High-pitched mechanical sound
地下もぐる,Underground digging
トンネルの中,Inside a tunnel
地面をたたく音,Sound of tapping the ground
遠くの採掘音,Distant mining sounds
遠くの爆発音,Distant explosion sound
ときどき強く吐く音,Occasional strong exhalation sound
強く吐く音,Strong exhalation sound
ノック後はじく音,Sound of plucking after knocking
ピアノ重音,Piano chords
パイプオルガン,Pipe organ
飛行中,In flight
犬の鳴き声,Dog barking
気のドアを開ける音,Sound of opening a wooden door
金切り音,Screeching metal sound
金具の音,Sound of metal fittings
森に風が抜ける,Wind passing through the forest
空気を膨らませる音,Sound of air inflating
不快音,Unpleasant noise
輪廻,Reincarnation (cyclic sound)
微音,Faint sound
かなづち,Hammer
暴風,Storm
シンバル,Cymbals
たいこ,Drum
風,Wind
登場,Entrance (arrival)
案内,Guidance
風船がこすれるような音,Sound of a balloon rubbing
飛行音,Flying sound
秋の虫,Autumn insects
忍び寄る音,Sneaking sound
滝,Waterfall
夏虫,Summer insects
夏,Summer
発信,Transmission
鳥・すずむし,Birds and bell crickets
森・川,Forest and river
森の中,Inside the forest
波,Waves
マイクで風をキャッチ,Catching the wind with a microphone
カエル,Frog
アヒルのような鳴き声,Duck-like quacking
大雨と風,Heavy rain and wind
雨と地面にあたる音,Rain hitting the ground
大雨,Heavy rain
夏の虫たちの音,Sounds of summer insects
夏の虫,Summer insects
雷鳴,Thunderclap
雨と雷鳴,Rain and thunderclap
川の水と蝉の音,River water and cicada sounds
水が流れる音,Flowing water
遠くで鳴る雷,Distant thunder
雨の日の道路,Road on a rainy day
遠くで鳴る雷?,Distant thunder
雨?,Rain
雨と雨が地面に落ちる音,Sound of raindrops falling on the ground
鳥と虫の声,Voices of birds and insects
水が流れる音とカラスの声,Sound of flowing water and crows cawing
雨嵐,Rainstorm
雨が打ちつける音,Sound of rain striking a surface
風と雨が打ちつける音,Sound of wind and rain hitting
風と雨,Wind and rain
人がいる海辺,Seaside with people
水辺で蝉が鳴いている,Cicadas singing by the water
カラスと蝉の声,Voices of crows and cicadas
鳥と蝉の声,Voices of birds and cicadas
蝉,Cicadas
雨と水が地面に落ちる音,Sound of rain and water falling on the ground
木が風に揺られる音,Sound of trees swaying in the wind
出囃子?,Entrance music (festival or theatrical)
金物を使った出囃子?,Entrance music using metal percussion
チェンバロ?,Harpsichord
ティンパニー,Timpani
トランペット,Trumpet
トランペット?,Trumpet?
サンバのパーカッション,Samba percussion
シンセサイザー,Synthesizer
打楽器(木製),Percussion (wooden)
打楽器(金属製?),Percussion (metal?)
打楽器(木製?),Percussion (wooden?)
打楽器(金属製),Percussion (metal)
何かを叩いた音,Sound of something being struck
オルガン,Organ
オルガンで演奏される曲,Song played on an organ
ストリングス,Strings
ベース?,Bass?
鉄琴?,Metallophone?
遠くの轟音,Distant rumbling sound
車がバックする時の音,Sound of a car reversing
サイドブレーキを引く,Handbrake being pulled
ベルトを外す音,Sound of a belt being unfastened
車のアラーム,Car alarm
車が通りすぎる音,Sound of a car passing by
モノレールの音,Sound of a monorail
車を運転して曲がるまで,Sound from driving a car until turning
飛行機の安定飛行中,Sound of an airplane in stable flight
モーター音?,Motor sound?
車のエンジンがかかる,Car engine starting
鍵を回す,Turning a key
車のアラーム音,Car alarm sound
スイッチを押す,Pressing a switch
車の窓の開閉音,Car window opening/closing sound
スイッチを離す,Releasing a switch
ワイパーが動いている音,Sound of windshield wipers moving
爆発音?,Explosion sound?
ロケットが発射したような音,Sound like a rocket launch
歯磨き,Brushing teeth
床を歩く,Walking on the floor
木の床を裸足で歩く,Walking barefoot on a wooden floor
心臓の鼓動の音,Sound of a heartbeat
歩く音,Footsteps
男性の咳,Male cough
走る足音?,Running footsteps?
夏の虫の声と土の道を走る足音,Voices of summer insects and footsteps running on a dirt path
夏の虫の声と道を走る足音,Voices of summer insects and footsteps running on a path
木造階段を裸足で降りる音,Sound of bare feet descending wooden stairs
土の上を歩く音,Sound of walking on dirt
夏の虫の声と道を歩くおと,Voices of summer insects and footsteps walking on a path
木製の物を叩く音,Sound of striking wooden objects
落ち葉を踏みながら歩く,Walking while stepping on fallen leaves
風と箒で掃く音,Sound of wind and sweeping with a broom
床を歩く音,Sound of walking on a floor
土を掘るような音,Sound of digging into soil
箒で掃くような音,Sound of sweeping with a broom
女性が咳をする音,Sound of a woman coughing
鳥の鳴き声,Bird calls
猫の鳴き声,Cat meowing
豚の鳴き声,Pig grunting
猫?の鳴き声,Cat? meowing
電子音？,Electronic sound?
カラスの声,Crow cawing
鳥の声?,Bird calls?
多くのアヒル？オットセイ？の声,Voices of many ducks? or sea lions?
アヒル？オットセイ？の声,Voice of a duck? or a sea lion?
オットセイ？の声,Voice of a sea lion?
フクロウの鳴き声,Owl's hoot
犬の唸り声,Dog's growl
犬の喘ぎ声,Dog's panting
犬の吠える声,Dog's bark
犬のため息,Dog's sigh
犬が吠える声,Dog barking
ウグイス,Japanese bush warbler (Uguisu)
人の話し声とアナウンス,Human voices and announcements
空港のアナウンスと人々の声,Airport announcements and crowd noise
街の中を車やバイクが走る音,Sounds of cars and motorcycles driving through the city
街中の車や人の足音、話し声,"City sounds of cars, footsteps, and conversations"
街中の車や人の足音,City sounds of cars and footsteps
街の雑踏,City bustle
人の話し声と車の音,Human voices and car sounds
人の話し声と生活音,Human voices and household sounds
川の音といろんな鳥のさえずり,River sounds and various birds chirping
いろんな鳥のさえずり,Various birds chirping
鳥のさえずりとヤギの声,Birds chirping and goat sounds
カエル?の鳴き声,Frog croaking
外国人が複数人同時にひそひそ話す,Multiple foreigners whispering simultaneously
外国人女性のひそひそ話す声,Foreign woman whispering
外国人の男性の会話,Foreign man’s conversation
街中で外国人の男性たちの会話,Foreign men talking in the city
街中で外国人の男女複数の会話,Multiple foreign men and women talking in the city
町の中の雑音,Ambient noise in town
外国人の男性たちの会話,Foreign men’s conversation
電車が止まる音,Sound of a train stopping
空気が抜ける音,Sound of air escaping
ドアの開閉音,Door opening and closing sound
電車が走っているような音,Sound like a train running
ブレーキ音,Brake sound
ドアの開閉オン,Door opening and closing sound
ドアが閉まるような音,Sound of a door closing
電車が走っている音,Sound of a train running
電車が通り過ぎるような音,Sound of a train passing by
車の音と街の雑踏,Car sounds and city bustle
プロペラ機が通り過ぎる音,Sound of a propeller plane passing by
ラジオ(人の声),Radio (human voices)
ラジオのチューニング,Radio tuning sound
男性が歌う曲,Song sung by a male
水の中の空気の音,Sound of air bubbles in water
バイクのエンジンをふかす,Revving a motorcycle engine
時計の秒針のような音,Sound like a clock’s second hand
ラジオのノイズ,Radio static noise
女性の歌声,Female singing voice
鼓動音,Heartbeat sound
?,?
飛行機が通る音,Sound of an airplane passing by
飛行機が着陸した音,Sound of an airplane landing
バイクのエンジン音,Motorcycle engine sound
車のエンジン音,Car engine sound
雷,Thunder
動物の鳴き声のような音,Animal-like vocal sound
笑い声,Laughter
うめき声,Groaning sound
強い風,Strong wind
重いものが地面を叩くような音,Sound of a heavy object hitting the ground
何か固いものを削る音,Sound of scraping a hard object
咀嚼音,Chewing sound
遠くで太鼓が鳴っている,Distant sound of a drum
何か動物の声,Some kind of animal vocalization
バイクの排気音,Motorcycle exhaust sound
呼吸,Breathing
息を吸う音,Sound of inhaling breath
泥を踏むような音,Sound of stepping on mud
カスタネットような音,Castanet-like sound
コインが機械に入る音,Sound of a coin entering a machine
カフェでの店員さんの声,Voice of a café staff member
車,Car
ドアが閉まる,Door closing
自販機にお金を入れる,Inserting money into a vending machine
自販機から飲みものが出てくる,Drink dispensing from a vending machine
自転車を漕ぐ音,Sound of pedaling a bicycle
靴の音,Footsteps
波の音（波打ち際？）,Sound of waves (at the shoreline)
街の雑踏（話し声）,City crowd noise (people talking)
自転車のブレーキ,Bicycle brake sound
自動車のエンジンをかける音,Car engine starting sound
（街のどこかの音）,(Sound from somewhere in the city)
何かの電子音,Some kind of electronic beep
（何かが通り過ぎる音？）,(Sound of something passing by?)
カチャッ,Click
（何かの機械が一定のリズムで動いている音？）,(Sound of a machine operating at a steady rhythm?)
何かサイレンの音（消防車？）,Some kind of siren sound (fire truck?)
何かサイレンの音（消防車？複数台）,Some kind of siren sound (fire trucks? multiple vehicles)
スーパーなどのレジ付近の音（話し声、店員の声、レジ打ちの音）,"Sounds near a supermarket register (voices, cashier talking, register beeping)"
掃除機の音（何かを吸引する音？）,Vacuum cleaner sound (suction noise?)
水（液体）がシンクなどに流れている音,Sound of water flowing into a sink or similar
（油で何かを揚げる音？）,(Sound of something frying in oil?)
車が通り過ぎる音,Sound of a car passing by
スーパーなどの店内の音（話し声、レジの音、店内BGM）,"Inside supermarket sounds (voices, register beeps, background music)"
店の自動ドアが開くときの電子音,Electronic beep when a store’s automatic door opens
スーパーなどの店内の音（話し声、店員の掛け声）,"Inside supermarket sounds (voices, staff calling out)"
街の音,City sounds
賑やかで音がうるさい場所の音（パチンコ？ゲームセンター？）,Noisy and lively place sounds (pachinko parlor? arcade?)
道路もしくは車両が動いている場所の音,Sounds from a road or moving vehicles
（車がバックするときの音？）,(Sound of a car reversing?)
車（トラック）のエンジン音,Engine sound of a truck
何かの店舗内の音（銀行？）,Sounds inside a store (bank?)
順番が回ってきたことを知らせる窓口案内のアナウンスの音と声,Announcement sound and voice notifying that it is your turn at a service counter
（雨の音？）,(Sound of rain?)
何かの店舗内もしくは街の販売所などの近くの音（「いらっしゃいませ」の掛け声）,"Sounds near a store or street vendor (calls of ""Welcome!"")"
車道を車が走る音,Sound of cars driving on the road
横断歩道の信号のアナウンスの声,Voice announcement at a pedestrian crossing signal
笛の音（和笛？）,Flute sound (Japanese flute?)
横断歩道の近くの雑踏の音（車の音、人の声、足音）,"Crowd noise near a pedestrian crossing (car sounds, voices, footsteps)"
横断歩道の信号機の盲者用の合図音,Audible signal for visually impaired at a pedestrian crossing signal
スーツケースのようなものを転がしている音,Sound of rolling a suitcase or similar luggage
横断歩道の近くの雑踏の音（車の音、人の声、自転車のブレーキ音、足音）,"Crowd noise near a pedestrian crossing (car sounds, voices, bicycle brake sounds, footsteps)"
横断歩道の信号機の盲者用のメロディー（とおりゃんせ）,"Melody for visually impaired at a pedestrian crossing signal (""Tooryanse"")"
横断歩道の信号機の盲者用のメロディー（曲名不明）,Melody for visually impaired at a pedestrian crossing signal (unknown song)
街の雑踏（車道の近く）,Street crowd noise (near the roadway)
道路の音（車の走る音）,Road noise (sound of cars driving)
サイレン（時報？）,Siren (time signal?)
雑踏（人混み、屋内か屋外か不明）,"Crowd noise (indoor or outdoor, unclear)"
（歓声？）,(Cheering?)
観衆がいる場所の音,Sounds of a place with an audience
（導火線に火が付く音？）,(Sound of a fuse being lit?)
ざわめき,Murmuring noise
劇場などのブザーの音？,Buzzer sound in a theater or similar venue?
ざわめきと歓声と拍手,"Murmuring, cheers, and applause"
屋内の大人数のざわめき,Indoor crowd murmur
屋内の大人数のざわめき（大人と子供の声）,Indoor crowd murmur (voices of adults and children)
ざわめき（人の話し声）,Murmuring (people talking)
打ち上げ花火の音,Sound of fireworks launching
連続した打ち上げ花火の音,Continuous sound of fireworks launching
人の話し声,People talking
子供の声,Children’s voices
ざわめき、人の声、歓声,"Murmuring, voices, and cheers"
ざわめき、人の声,Murmuring and voices
相撲会場の音（ざわめき）,Sound of a sumo arena (murmuring)
拍子木の音,Sound of wooden clappers (hyoshigi)
呼び出しの声,Calling out voice
女性の観客の掛け声,Female audience cheers
行司の声,Referee’s voice (sumo official)
雑踏（人の声、足音）,Bustling crowd (voices and footsteps)
野球場の音（人の声、応援、手拍子、掛け声）,"Baseball stadium sounds (voices, cheering, clapping, shouting)"
ビール売りの声,Beer vendor’s call
応援ソングの演奏,Performance of a cheer song
応援歌の演奏,Performance of a cheering anthem
何かを叩く音（プラスティックのメガホン？）,Sound of something being struck (plastic megaphone?)
歓声、何かを叩く音,Cheers and sound of something being struck
野球場の音（人の声、応援、掛け声、歓声）,"Sounds of a baseball stadium (people’s voices, cheering, shouts, applause)"
大人数の子供の賑やかな声,Noisy voices of a large group of children
人の掛け声,People shouting encouragement
何かの競技の会場の音（掛け声、歓声）,"Sounds of a sports event venue (shouts, cheers)"
大きな歓声と拍手,Loud cheers and applause
ざわめき（大人数の人の声）,Murmuring (voices of a large crowd)
何かを販売している場所の賑やかな音（人の声、売り子の声）,"Bustling sounds of a marketplace (people talking, vendors calling out)"
ドアが閉まる時のアナウンスの声（「ドアが閉まります、ご注意ください」、電車？）,"Announcement voice when a door is closing (“The door is closing, please be careful,” train?)"
発車のアナウンスの声（「発車します」）,Departure announcement (“The train is departing”)
発車の合図の音,Departure signal sound
工場？のような音,Sounds like a factory
（手持ち花火の音？）,(Sound of handheld fireworks?)
（花火を打ち上げる音？）,(Sound of fireworks being launched?)
ざわめき（相撲会場）,Murmuring (sumo arena)
取り組み中の行司の声,Referee’s voice during a sumo match
歓声、拍手、掛け声（相撲会場）,"Cheers, applause, and shouts (sumo arena)"
場内アナウンスの声,Announcer's voice inside the venue
拍手、歓声、掛け声,"Applause, cheers, and shouts"
何かが近づいたり遠ざかったりする音？（ジェットコースター）,Sound of something approaching and receding (roller coaster)
何かが通り過ぎる音？（ジェットコースター？）,Sound of something passing by (roller coaster?)
バンザイの掛け声,"Shout of ""Banzai"" (cheer)"
大人数の話声,Voices of a large crowd talking
複数の金管楽器を演奏する音,Sound of multiple brass instruments playing
歓声と拍手（相撲会場）,Cheers and applause (sumo arena)
機械で作られた音、電子音？,"Mechanically produced sound, electronic tone?"
機械で作られたような音,Mechanically produced sound
機械で作られた不規則な音,Irregular mechanical sound
叩く音？何かが落ちるような音？響く音,Hitting sound? Sound of something falling? Resonant sound
ノイズような音,Noise-like sound
サイレンぽい音,Siren-like sound
機械音？サイレン？警笛？,Mechanical sound? Siren? Whistle?
機械音？車輪音？,Mechanical sound? Wheel sound?
機械音？,Mechanical sound?
発砲音？,Gunshot sound?
ノイズのような音,Noise-like sound
機械で作られた音、サイレン？,"Mechanically produced sound, siren?"
段々と音階が低くなり、速さは遅くなっていく、機械で作られた音、電子音？,"Gradually lowering pitch and slowing speed, machine-made sound, electronic tone?"
段々と音階が高くなり、速さも速くなっていく、機械で作られた音、電子音？,"Gradually rising pitch and increasing speed, machine-made sound, electronic tone?"
工場か作業場のような場所でのモーター音、金属音,Motor and metal sounds in a factory or workshop setting
機械で叩く音？掘る音？,Sound of a machine hammering? Digging sound?
何かを叩く音？,Sound of something being struck?
機械音、繰り返し,Repetitive machine noise
機械音、切断？,"Machine noise, cutting?"
道路を車やバイクが走り過ぎる音,Sound of cars and motorcycles passing on the road
道路を車が走り過ぎる音,Sound of cars passing on the road
工事現場の音？,Construction site sounds?
工事現場などで機械で地面を繰り返し掘る音？ドリル音？,Repetitive ground digging or drilling sound by machinery at a construction site?
機械を使って何かの作業を繰り返している音？切断音？,Repetitive machine operation sound? Cutting sound?
機械を使って何かの作業をしている音？,Sound of a machine performing some kind of work
機械を使って何かの作業を繰り返している音？,Repetitive sound of a machine performing some kind of work
機械で地面を掘る音？ドリル音？,Sound of a machine digging into the ground? Drilling sound?
金属を切断する音,Sound of metal being cut
金属の機械音？,Metallic machine noise?
機械のモーター音？,Machine motor sound?
機械音？切断している？,Machine noise? Cutting sound?
何かの機械か道具の音？,Sound of some kind of machine or tool?
機械で穴を開けている？ドリル音？,Drilling sound from a machine?
バイクの走る音（エンジンをふかす音？）,Sound of a motorcycle running (engine revving?)
（バイクのモーター音？）,(Motorcycle engine sound?)
車が何台も走り過ぎていく音,Sound of multiple cars driving past
車の通行音,Sound of passing cars
（車が何台も走り過ぎていく音？）,(Sound of multiple cars driving past?)
機械音、金属を切断している？,"Machine noise, cutting metal?"
金属音、機械の音？物を積んだり降ろしたりしている？,"Metal sound, machine noise? Loading or unloading objects?"
何かの機械が動いている金属音,Metal sound of a machine operating
何かの機械が何かの動作を繰り返している音,Sound of a machine repeating some action
工場か作業場のような場所で何かの機械が動いている音,Sound of a machine running in a factory or workshop-like place
工場か作業場のような場所での金属音,Metal sounds in a factory or workshop-like place
工場か作業場のような場所で色々な機械が動いている音,Sounds of various machines operating in a factory or workshop-like place
金属音？金属を叩く音？,Metal sound? Sound of metal being struck?
（車が走り過ぎていく音？）,(Sound of a car driving past?)
道路を車両（車、トラック、バイクなど）が何台も走り過ぎている,"Multiple vehicles (cars, trucks, motorcycles, etc.) driving past on a road"
車のエンジン音？,Car engine sound?
ブレーキ音？,Brake sound?
（高速もしくはトンネルでの車の音？）,(Sound of cars on a highway or in a tunnel?)
（車の音？）,(Car sound?)
（車がバックする時の音？）,(Sound of a car reversing?)
信号の盲者用の音,Audible signal for visually impaired pedestrians
（車の走る音？）,(Sound of a car driving by?)
金属系の素材のフェンスなどの入り口の取っ手を開けて閉める（取っ手を上に上げて下ろす）,Opening and closing a metal gate handle (lifting and lowering the handle)
シャッターを閉める（シャッターを下ろす）,Closing a shutter (pulling the shutter down)
